,tickers
0,A
1,AA
2,AACT
3,AAM
4,AAN
5,AAP
6,AAT
7,AB
8,ABBV
9,ABCB
10,ABEV
11,ABG
12,ABM
13,ABR
14,ABT
15,AC
16,ACA
17,ACCO
18,ACEL
19,ACHR
20,ACI
21,ACM
22,ACN
23,ACP
24,ACR
25,ACRE
26,ACV
27,ADC
28,ADCT
29,ADM
30,ADNT
31,ADT
32,ADX
33,AEE
34,AEFC
35,AEG
36,AEM
37,AEO
38,AER
39,AES
40,AESI
41,AEVA
42,AFB
43,AFG
44,AFGB
45,AFGC
46,AFGD
47,AFGE
48,AFL
49,AG
50,AGCO
51,AGD
52,AGI
53,AGL
54,AGM
55,AGO
56,AGR
57,AGRO
58,AGS
59,AGX
60,AHH
61,AHL
62,AHR
63,AHT
64,AI
65,AIG
66,AIN
67,AIO
68,AIR
69,AIT
70,AIV
71,AIZ
72,AIZN
73,AJG
74,AJX
75,AKA
76,AKO-A
77,AKO-B
78,AKR
79,AL
80,ALB
81,ALC
82,ALE
83,ALEX
84,ALG
85,ALIT
86,ALK
87,ALL
88,ALLE
89,ALLY
90,ALSN
91,ALTG
92,ALTM
93,ALUR
94,ALV
95,ALX
96,AM
97,AMBC
98,AMBP
99,AMC
100,AMCR
101,AME
102,AMG
103,AMH
104,AMN
105,AMP
106,AMPS
107,AMPX
108,AMPY
109,AMR
110,AMRC
111,AMT
112,AMTB
113,AMTD
114,AMWL
115,AMX
116,AN
117,ANET
118,ANF
119,ANG
120,ANRO
121,ANVS
122,AOD
123,AOMN
124,AOMR
125,AON
126,AORT
127,AOS
128,AP
129,APAM
130,APD
131,APG
132,APH
133,APLE
134,APO
135,APOS
136,APTV
137,AQN
138,AQNB
139,AR
140,ARC
141,ARCH
142,ARCO
143,ARDC
144,ARDT
145,ARE
146,ARES
147,ARGD
148,ARI
149,ARIS
150,ARL
151,ARLO
152,ARMK
153,AROC
154,ARR
155,ARW
156,AS
157,ASA
158,ASAI
159,ASAN
160,ASB
161,ASBA
162,ASC
163,ASG
164,ASGI
165,ASGN
166,ASH
167,ASIX
168,ASPN
169,ASR
170,ASX
171,ATEN
172,ATGE
173,ATHM
174,ATHS
175,ATI
176,ATIP
177,ATKR
178,ATMU
179,ATO
180,ATR
181,ATS
182,ATUS
183,AU
184,AUB
185,AUNA
186,AVA
187,AVAL
188,AVB
189,AVD
190,AVK
191,AVNS
192,AVNT
193,AVTR
194,AVY
195,AWF
196,AWI
197,AWK
198,AWP
199,AWR
200,AX
201,AXL
202,AXP
203,AXR
204,AXS
205,AXTA
206,AYI
207,AZEK
208,AZO
209,AZUL
210,AZZ
211,B
212,BA
213,BABA
214,BAC
215,BAH
216,BAK
217,BALL
218,BALY
219,BAM
220,BANC
221,BAP
222,BARK
223,BAX
224,BB
225,BBAI
226,BBAR
227,BBD
228,BBDC
229,BBDO
230,BBN
231,BBU
232,BBUC
233,BBVA
234,BBW
235,BBWI
236,BBY
237,BC
238,BCAT
239,BCC
240,BCE
241,BCH
242,BCO
243,BCS
244,BCSF
245,BCX
246,BDC
247,BDJ
248,BDN
249,BDX
250,BE
251,BEDU
252,BEKE
253,BEN
254,BEP
255,BEPC
256,BEPH
257,BEPI
258,BEPJ
259,BERY
260,BEST
261,BF-A
262,BF-B
263,BFAC
264,BFAM
265,BFH
266,BFK
267,BFLY
268,BFS
269,BFZ
270,BG
271,BGB
272,BGH
273,BGR
274,BGS
275,BGSF
276,BGT
277,BGX
278,BGY
279,BH
280,BHC
281,BHE
282,BHK
283,BHLB
284,BHP
285,BHR
286,BHV
287,BHVN
288,BIGZ
289,BILL
290,BIO
291,BIO-B
292,BIP
293,BIPC
294,BIPH
295,BIPI
296,BIPJ
297,BIRK
298,BIT
299,BJ
300,BK
301,BKD
302,BKDT
303,BKE
304,BKH
305,BKKT
306,BKN
307,BKSY
308,BKT
309,BKU
310,BKV
311,BLCO
312,BLD
313,BLDR
314,BLE
315,BLK
316,BLND
317,BLW
318,BLX
319,BMA
320,BME
321,BMEZ
322,BMI
323,BML
324,BMN
325,BMO
326,BMY
327,BN
328,BNED
329,BNH
330,BNJ
331,BNL
332,BNS
333,BNT
334,BNY
335,BOC
336,BODI
337,BOE
338,BOH
339,BOOT
340,BORR
341,BOW
342,BOWL
343,BOX
344,BP
345,BPT
346,BR
347,BRBR
348,BRC
349,BRCC
350,BRDG
351,BRFS
352,BRK-A
353,BRK-B
354,BRO
355,BROS
356,BRSP
357,BRT
358,BRW
359,BRX
360,BSAC
361,BSBR
362,BSIG
363,BSL
364,BSM
365,BST
366,BSTZ
367,BSX
368,BTA
369,BTCM
370,BTE
371,BTI
372,BTO
373,BTT
374,BTU
375,BTZ
376,BUD
377,BUI
378,BUR
379,BURL
380,BV
381,BVN
382,BW
383,BWA
384,BWG
385,BWLP
386,BWMX
387,BWNB
388,BWSN
389,BWXT
390,BX
391,BXC
392,BXMT
393,BXMX
394,BXP
395,BXSL
396,BY
397,BYD
398,BYM
399,BYON
400,BZH
401,C
402,CAAP
403,CABO
404,CACI
405,CADE
406,CAE
407,CAF
408,CAG
409,CAH
410,CAL
411,CALX
412,CANG
413,CAPL
414,CARR
415,CARS
416,CAT
417,CATO
418,CAVA
419,CB
420,CBL
421,CBRE
422,CBT
423,CBU
424,CBZ
425,CC
426,CCI
427,CCIA
428,CCIF
429,CCJ
430,CCK
431,CCL
432,CCM
433,CCO
434,CCRD
435,CCS
436,CCU
437,CCZ
438,CDE
439,CDLR
440,CDP
441,CDRE
442,CE
443,CEE
444,CEIX
445,CEPU
446,CF
447,CFG
448,CFR
449,CGA
450,CGAU
451,CHCT
452,CHD
453,CHE
454,CHGG
455,CHH
456,CHMI
457,CHN
458,CHPT
459,CHT
460,CHWY
461,CI
462,CIA
463,CIB
464,CIEN
465,CIF
466,CIG
467,CII
468,CIM
469,CIMN
470,CIMO
471,CINT
472,CIO
473,CION
474,CIVI
475,CL
476,CLB
477,CLBR
478,CLCO
479,CLDT
480,CLF
481,CLH
482,CLPR
483,CLS
484,CLVT
485,CLW
486,CLX
487,CM
488,CMA
489,CMBT
490,CMC
491,CMCM
492,CMG
493,CMI
494,CMP
495,CMRE
496,CMS
497,CMSA
498,CMSC
499,CMSD
500,CMTG
501,CMU
502,CNA
503,CNC
504,CNF
505,CNH
506,CNI
507,CNK
508,CNM
509,CNMD
510,CNNE
511,CNO
512,CNP
513,CNQ
514,CNS
515,CNX
516,CODI
517,COF
518,COHR
519,COLD
520,COMP
521,CON
522,COOK
523,COP
524,COR
525,COTY
526,COUR
527,CP
528,CPA
529,CPAC
530,CPAY
531,CPF
532,CPK
533,CPNG
534,CPRI
535,CPS
536,CPT
537,CQP
538,CR
539,CRBG
540,CRC
541,CRD-A
542,CRD-B
543,CRGY
544,CRH
545,CRI
546,CRK
547,CRL
548,CRM
549,CRS
550,CRT
551,CSAN
552,CSL
553,CSR
554,CSTM
555,CSV
556,CTA
557,CTBB
558,CTDD
559,CTLT
560,CTO
561,CTOS
562,CTRA
563,CTRE
564,CTRI
565,CTS
566,CTV
567,CTVA
568,CUBB
569,CUBE
570,CUBI
571,CUK
572,CULP
573,CURV
574,CUZ
575,CVE
576,CVEO
577,CVI
578,CVLG
579,CVNA
580,CVS
581,CVX
582,CW
583,CWAN
584,CWEN
585,CWH
586,CWK
587,CWT
588,CX
589,CXE
590,CXH
591,CXM
592,CXT
593,CXW
594,CYD
595,CYH
596,D
597,DAC
598,DAL
599,DAN
600,DAO
601,DAR
602,DAVA
603,DAY
604,DB
605,DBD
606,DBI
607,DBL
608,DBRG
609,DCF
610,DCI
611,DCO
612,DD
613,DDD
614,DDL
615,DDS
616,DDT
617,DE
618,DEA
619,DEC
620,DECK
621,DEI
622,DELL
623,DEO
624,DESP
625,DFH
626,DFIN
627,DFP
628,DFS
629,DG
630,DGX
631,DHF
632,DHI
633,DHR
634,DHT
635,DHX
636,DIAX
637,DIN
638,DINO
639,DIS
640,DK
641,DKL
642,DKS
643,DLB
644,DLNG
645,DLR
646,DLX
647,DLY
648,DM
649,DMA
650,DMB
651,DMO
652,DNA
653,DNB
654,DNMR
655,DNOW
656,DNP
657,DOC
658,DOCN
659,DOCS
660,DOLE
661,DOUG
662,DOV
663,DOW
664,DPG
665,DPZ
666,DQ
667,DRD
668,DRH
669,DRI
670,DSL
671,DSM
672,DSU
673,DSX
674,DT
675,DTB
676,DTC
677,DTE
678,DTF
679,DTG
680,DTM
681,DTW
682,DUK
683,DUKB
684,DV
685,DVA
686,DVN
687,DX
688,DXC
689,DXYZ
690,DY
691,E
692,EAF
693,EAI
694,EARN
695,EAT
696,EB
697,EBF
698,EBR
699,EBS
700,EC
701,ECAT
702,ECC
703,ECCC
704,ECCF
705,ECCV
706,ECCW
707,ECCX
708,ECL
709,ECO
710,ECVT
711,ED
712,EDD
713,EDF
714,EDN
715,EDR
716,EDU
717,EE
718,EEA
719,EEX
720,EFC
721,EFR
722,EFT
723,EFX
724,EFXT
725,EG
726,EGF
727,EGO
728,EGP
729,EGY
730,EHAB
731,EHC
732,EHI
733,EIC
734,EICA
735,EICB
736,EICC
737,EIG
738,EIX
739,EL
740,ELAN
741,ELC
742,ELF
743,ELME
744,ELP
745,ELPC
746,ELS
747,ELV
748,EMD
749,EME
750,EMF
751,EMN
752,EMO
753,EMP
754,EMR
755,ENB
756,ENFN
757,ENIC
758,ENJ
759,ENLC
760,ENO
761,ENOV
762,ENR
763,ENS
764,ENV
765,ENVA
766,ENZ
767,EOD
768,EOG
769,EOI
770,EOS
771,EOT
772,EP
773,EPAC
774,EPAM
775,EPC
776,EPD
777,EPR
778,EPRT
779,EQBK
780,EQC
781,EQH
782,EQNR
783,EQR
784,EQS
785,EQT
786,EQV
787,ERJ
788,ERO
789,ES
790,ESAB
791,ESE
792,ESI
793,ESNT
794,ESRT
795,ESS
796,ESTC
797,ET
798,ETB
799,ETD
800,ETG
801,ETI
802,ETJ
803,ETN
804,ETO
805,ETR
806,ETV
807,ETW
808,ETWO
809,ETX
810,ETY
811,EVA
812,EVC
813,EVEX
814,EVF
815,EVG
816,EVH
817,EVN
818,EVR
819,EVRI
820,EVT
821,EVTC
822,EVTL
823,EW
824,EXG
825,EXK
826,EXP
827,EXPD
828,EXR
829,EXTO
830,F
831,FAF
832,FBIN
833,FBK
834,FBMS
835,FBP
836,FBRT
837,FC
838,FCF
839,FCN
840,FCPT
841,FCRX
842,FCT
843,FCX
844,FDP
845,FDX
846,FE
847,FEDU
848,FENG
849,FERG
850,FET
851,FF
852,FFA
853,FFC
854,FFWM
855,FG
856,FGB
857,FGN
858,FHI
859,FHN
860,FI
861,FICO
862,FIGS
863,FIHL
864,FINS
865,FINV
866,FIS
867,FIX
868,FL
869,FLC
870,FLNG
871,FLO
872,FLR
873,FLS
874,FLUT
875,FMC
876,FMN
877,FMS
878,FMX
879,FMY
880,FN
881,FNA
882,FNB
883,FND
884,FNF
885,FNV
886,FOA
887,FOF
888,FOR
889,FOUR
890,FPF
891,FPH
892,FPI
893,FR
894,FRA
895,FREY
896,FRGE
897,FRO
898,FRT
899,FSCO
900,FSK
901,FSLY
902,FSM
903,FSS
904,FT
905,FTHY
906,FTI
907,FTK
908,FTS
909,FTV
910,FUBO
911,FUL
912,FUN
913,FVRR
914,G
915,GAB
916,GAM
917,GAP
918,GATO
919,GATX
920,GB
921,GBAB
922,GBCI
923,GBLI
924,GBTG
925,GBX
926,GCI
927,GCO
928,GCTS
929,GCV
930,GD
931,GDDY
932,GDL
933,GDO
934,GDOT
935,GDV
936,GE
937,GEF
938,GEL
939,GENI
940,GEO
941,GES
942,GETY
943,GEV
944,GF
945,GFF
946,GFI
947,GFL
948,GFR
949,GGB
950,GGG
951,GGT
952,GGZ
953,GHC
954,GHG
955,GHI
956,GHLD
957,GHM
958,GHY
959,GIB
960,GIC
961,GIL
962,GIS
963,GJH
964,GJO
965,GJP
966,GJR
967,GJS
968,GJT
969,GKOS
970,GL
971,GLOB
972,GLP
973,GLT
974,GLW
975,GM
976,GME
977,GMED
978,GMRE
979,GMS
980,GNE
981,GNK
982,GNL
983,GNRC
984,GNT
985,GNTY
986,GNW
987,GOF
988,GOLD
989,GOLF
990,GOOS
991,GOTU
992,GPC
993,GPI
994,GPJA
995,GPK
996,GPMT
997,GPN
998,GPOR
999,GPRK
1000,GRBK
1001,GRC
1002,GRDN
1003,GRMN
1004,GRND
1005,GRNT
1006,GROV
1007,GRX
1008,GS
1009,GSBD
1010,GSK
1011,GSL
1012,GTES
1013,GTLS
1014,GTN
1015,GTY
1016,GUG
1017,GUT
1018,GVA
1019,GWH
1020,GWRE
1021,GWW
1022,GXO
1023,H
1024,HAE
1025,HAFN
1026,HAL
1027,HASI
1028,HAYW
1029,HBB
1030,HBI
1031,HBM
1032,HCA
1033,HCC
1034,HCI
1035,HCXY
1036,HD
1037,HDB
1038,HE
1039,HEI
1040,HEI-A
1041,HEQ
1042,HES
1043,HESM
1044,HFRO
1045,HG
1046,HGLB
1047,HGTY
1048,HGV
1049,HHH
1050,HI
1051,HIE
1052,HIG
1053,HII
1054,HIMS
1055,HIO
1056,HIPO
1057,HIW
1058,HIX
1059,HKD
1060,HL
1061,HLF
1062,HLI
1063,HLIO
1064,HLLY
1065,HLN
1066,HLT
1067,HLX
1068,HMC
1069,HMN
1070,HMY
1071,HNI
1072,HOG
1073,HOMB
1074,HOUS
1075,HOV
1076,HP
1077,HPE
1078,HPF
1079,HPI
1080,HPP
1081,HPQ
1082,HPS
1083,HQH
1084,HQL
1085,HR
1086,HRB
1087,HRI
1088,HRL
1089,HRTG
1090,HSBC
1091,HSHP
1092,HSY
1093,HTD
1094,HTFB
1095,HTFC
1096,HTGC
1097,HTH
1098,HUBB
1099,HUBS
1100,HUM
1101,HUN
1102,HUYA
1103,HVT
1104,HVT-A
1105,HWM
1106,HXL
1107,HY
1108,HYAC
1109,HYB
1110,HYI
1111,HYLN
1112,HYT
1113,HZO
1114,IAE
1115,IAG
1116,IBM
1117,IBN
1118,IBP
1119,IBTA
1120,ICE
1121,ICL
1122,ICR
1123,IDA
1124,IDE
1125,IDT
1126,IEX
1127,IFF
1128,IFN
1129,IFS
1130,IGA
1131,IGD
1132,IGI
1133,IGR
1134,IGT
1135,IH
1136,IHD
1137,IHG
1138,IHS
1139,IHTA
1140,IIF
1141,IIIN
1142,IIM
1143,IIPR
1144,IMAX
1145,INFA
1146,INFY
1147,ING
1148,INGR
1149,INN
1150,INSI
1151,INSP
1152,INST
1153,INSW
1154,INVH
1155,INVX
1156,IONQ
1157,IOT
1158,IP
1159,IPG
1160,IPI
1161,IQI
1162,IQV
1163,IR
1164,IRM
1165,IRS
1166,IRT
1167,ISD
1168,IT
1169,ITGR
1170,ITT
1171,ITUB
1172,ITW
1173,IVR
1174,IVT
1175,IVZ
1176,IX
1177,J
1178,JBGS
1179,JBI
1180,JBK
1181,JBL
1182,JBT
1183,JCE
1184,JCI
1185,JEF
1186,JELD
1187,JEQ
1188,JFR
1189,JGH
1190,JHG
1191,JHI
1192,JHS
1193,JHX
1194,JILL
1195,JKS
1196,JLL
1197,JLS
1198,JMIA
1199,JMM
1200,JNJ
1201,JNPR
1202,JOBY
1203,JOE
1204,JOF
1205,JPC
1206,JPI
1207,JPM
1208,JQC
1209,JRI
1210,JRS
1211,JWN
1212,JXN
1213,K
1214,KAI
1215,KAR
1216,KB
1217,KBDC
1218,KBH
1219,KBR
1220,KD
1221,KEN
1222,KEP
1223,KEX
1224,KEY
1225,KEYS
1226,KF
1227,KFRC
1228,KFS
1229,KFY
1230,KGC
1231,KGS
1232,KIM
1233,KIND
1234,KIO
1235,KKR
1236,KKRS
1237,KLG
1238,KMB
1239,KMI
1240,KMPB
1241,KMPR
1242,KMT
1243,KMX
1244,KN
1245,KNF
1246,KNOP
1247,KNSL
1248,KNTK
1249,KNX
1250,KO
1251,KODK
1252,KOF
1253,KOP
1254,KORE
1255,KOS
1256,KR
1257,KRC
1258,KREF
1259,KRG
1260,KRO
1261,KRP
1262,KSM
1263,KSS
1264,KT
1265,KTB
1266,KTF
1267,KTH
1268,KTN
1269,KUKE
1270,KVUE
1271,KVYO
1272,KW
1273,KWR
1274,KYN
1275,L
1276,LAAC
1277,LAC
1278,LAD
1279,LADR
1280,LANV
1281,LAW
1282,LAZ
1283,LB
1284,LBRT
1285,LC
1286,LCII
1287,LDI
1288,LDOS
1289,LDP
1290,LEA
1291,LEG
1292,LEN
1293,LEO
1294,LEV
1295,LEVI
1296,LFT
1297,LGI
1298,LH
1299,LHX
1300,LICY
1301,LII
1302,LITB
1303,LLAP
1304,LLY
1305,LMND
1306,LMT
1307,LNC
1308,LND
1309,LNG
1310,LNN
1311,LOAR
1312,LOB
1313,LOCL
1314,LOMA
1315,LOW
1316,LPG
1317,LPL
1318,LPX
1319,LRN
1320,LSPD
1321,LTC
1322,LTH
1323,LTM
1324,LU
1325,LUMN
1326,LUV
1327,LVS
1328,LVWR
1329,LW
1330,LXP
1331,LXU
1332,LYB
1333,LYG
1334,LYV
1335,LZB
1336,LZM
1337,M
1338,MA
1339,MAA
1340,MAC
1341,MAIN
1342,MAN
1343,MANU
1344,MAS
1345,MATV
1346,MATX
1347,MAV
1348,MAX
1349,MBC
1350,MBI
1351,MC
1352,MCB
1353,MCD
1354,MCI
1355,MCK
1356,MCN
1357,MCO
1358,MCR
1359,MCS
1360,MCW
1361,MCY
1362,MD
1363,MDT
1364,MDU
1365,MDV
1366,MEC
1367,MED
1368,MEG
1369,MEGI
1370,MEI
1371,MER
1372,MET
1373,MFA
1374,MFAN
1375,MFAO
1376,MFC
1377,MFG
1378,MFM
1379,MG
1380,MGA
1381,MGF
1382,MGM
1383,MGR
1384,MGRB
1385,MGRD
1386,MGRE
1387,MGY
1388,MHD
1389,MHF
1390,MHI
1391,MHK
1392,MHLA
1393,MHN
1394,MHNC
1395,MHO
1396,MIN
1397,MIO
1398,MIR
1399,MITN
1400,MITP
1401,MITT
1402,MIY
1403,MKC
1404,MKFG
1405,MKL
1406,ML
1407,MLI
1408,MLM
1409,MLNK
1410,MLP
1411,MLR
1412,MMC
1413,MMD
1414,MMI
1415,MMM
1416,MMS
1417,MMT
1418,MMU
1419,MNR
1420,MNSO
1421,MNTN
1422,MO
1423,MOD
1424,MODG
1425,MOGU
1426,MOH
1427,MOS
1428,MOV
1429,MP
1430,MPA
1431,MPC
1432,MPLN
1433,MPLX
1434,MPV
1435,MPW
1436,MPX
1437,MQT
1438,MQY
1439,MRC
1440,MRK
1441,MRO
1442,MS
1443,MSA
1444,MSB
1445,MSC
1446,MSCI
1447,MSD
1448,MSDL
1449,MSGE
1450,MSGS
1451,MSI
1452,MSM
1453,MT
1454,MTAL
1455,MTB
1456,MTD
1457,MTDR
1458,MTG
1459,MTH
1460,MTN
1461,MTR
1462,MTRN
1463,MTUS
1464,MTW
1465,MTX
1466,MTZ
1467,MUA
1468,MUC
1469,MUE
1470,MUFG
1471,MUI
1472,MUJ
1473,MUR
1474,MUSA
1475,MUX
1476,MVF
1477,MVO
1478,MVT
1479,MWA
1480,MX
1481,MXE
1482,MXF
1483,MYD
1484,MYE
1485,MYI
1486,MYN
1487,MYTE
1488,NABL
1489,NAC
1490,NAD
1491,NAN
1492,NAPA
1493,NAT
1494,NATL
1495,NAZ
1496,NBB
1497,NBHC
1498,NBR
1499,NBXG
1500,NC
1501,NCA
1502,NCDL
1503,NCLH
1504,NCV
1505,NCZ
1506,NDMO
1507,NDP
1508,NE
1509,NEA
1510,NEE
1511,NEM
1512,NEP
1513,NET
1514,NEU
1515,NEUE
1516,NEXA
1517,NFG
1518,NFJ
1519,NGG
1520,NGL
1521,NGS
1522,NGVC
1523,NGVT
1524,NHI
1525,NI
1526,NIC
1527,NIE
1528,NIM
1529,NINE
1530,NIO
1531,NJR
1532,NKE
1533,NKX
1534,NL
1535,NLOP
1536,NLY
1537,NMAI
1538,NMCO
1539,NMG
1540,NMI
1541,NMM
1542,NMR
1543,NMS
1544,NMT
1545,NMZ
1546,NNI
1547,NNN
1548,NNY
1549,NOA
1550,NOAH
1551,NOC
1552,NOG
1553,NOK
1554,NOM
1555,NOMD
1556,NOTE
1557,NOV
1558,NOVA
1559,NOW
1560,NPCT
1561,NPFD
1562,NPK
1563,NPO
1564,NPV
1565,NPWR
1566,NQP
1567,NR
1568,NRDY
1569,NREF
1570,NRG
1571,NRGV
1572,NRK
1573,NRP
1574,NRT
1575,NRUC
1576,NSA
1577,NSC
1578,NSP
1579,NTB
1580,NTG
1581,NTR
1582,NTST
1583,NTZ
1584,NU
1585,NUE
1586,NUS
1587,NUV
1588,NUVB
1589,NUW
1590,NVG
1591,NVGS
1592,NVO
1593,NVR
1594,NVRI
1595,NVRO
1596,NVS
1597,NVST
1598,NVT
1599,NWG
1600,NWN
1601,NX
1602,NXC
1603,NXDT
1604,NXE
1605,NXG
1606,NXJ
1607,NXN
1608,NXP
1609,NXRT
1610,NYC
1611,NYCB
1612,NYT
1613,NZF
1614,O
1615,OBDC
1616,OBDE
1617,OBK
1618,OC
1619,OCFT
1620,ODC
1621,ODV
1622,OEC
1623,OFG
1624,OGE
1625,OGN
1626,OGS
1627,OHI
1628,OI
1629,OIA
1630,OII
1631,OIS
1632,OKE
1633,OKLO
1634,OLN
1635,OLO
1636,OLP
1637,OMC
1638,OMF
1639,OMI
1640,ONIT
1641,ONL
1642,ONON
1643,ONTF
1644,ONTO
1645,OOMA
1646,OPAD
1647,OPFI
1648,OPP
1649,OPY
1650,OR
1651,ORA
1652,ORAN
1653,ORC
1654,ORCL
1655,ORI
1656,ORN
1657,OSCR
1658,OSK
1659,OTIS
1660,OUST
1661,OUT
1662,OVV
1663,OWL
1664,OWLT
1665,OXM
1666,OXY
1667,PAAS
1668,PAC
1669,PACK
1670,PACS
1671,PAG
1672,PAGS
1673,PAI
1674,PAM
1675,PAR
1676,PARR
1677,PATH
1678,PAXS
1679,PAY
1680,PAYC
1681,PB
1682,PBA
1683,PBF
1684,PBH
1685,PBI
1686,PBR
1687,PBT
1688,PCF
1689,PCG
1690,PCK
1691,PCM
1692,PCN
1693,PCOR
1694,PCQ
1695,PD
1696,PDCC
1697,PDI
1698,PDM
1699,PDO
1700,PDS
1701,PDT
1702,PDX
1703,PEB
1704,PEG
1705,PEN
1706,PEO
1707,PERF
1708,PFD
1709,PFE
1710,PFGC
1711,PFH
1712,PFL
1713,PFLT
1714,PFN
1715,PFO
1716,PFS
1717,PFSI
1718,PG
1719,PGP
1720,PGR
1721,PGRE
1722,PGRU
1723,PGZ
1724,PH
1725,PHD
1726,PHG
1727,PHI
1728,PHIN
1729,PHK
1730,PHM
1731,PHR
1732,PHT
1733,PHX
1734,PHYT
1735,PII
1736,PIM
1737,PINE
1738,PINS
1739,PIPR
1740,PJT
1741,PK
1742,PKE
1743,PKG
1744,PKST
1745,PKX
1746,PL
1747,PLD
1748,PLNT
1749,PLOW
1750,PLTR
1751,PLYM
1752,PM
1753,PMF
1754,PML
1755,PMM
1756,PMO
1757,PMT
1758,PMTU
1759,PMX
1760,PNC
1761,PNF
1762,PNI
1763,PNNT
1764,PNR
1765,PNST
1766,PNW
1767,POR
1768,POST
1769,PPG
1770,PPL
1771,PPT
1772,PR
1773,PRA
1774,PRG
1775,PRGO
1776,PRH
1777,PRI
1778,PRIF
1779,PRIM
1780,PRKS
1781,PRLB
1782,PRM
1783,PRMW
1784,PRO
1785,PRS
1786,PRT
1787,PRU
1788,PSA
1789,PSBD
1790,PSEC
1791,PSF
1792,PSFE
1793,PSN
1794,PSO
1795,PSQH
1796,PSTG
1797,PSTL
1798,PSX
1799,PTA
1800,PTY
1801,PUK
1802,PUMP
1803,PVH
1804,PVL
1805,PWR
1806,PWSC
1807,PX
1808,PYN
1809,PYT
1810,PZC
1811,QBTS
1812,QD
1813,QGEN
1814,QS
1815,QSR
1816,QTWO
1817,QUAD
1818,QVCC
1819,QVCD
1820,R
1821,RA
1822,RACE
1823,RAMP
1824,RBA
1825,RBC
1826,RBCP
1827,RBLX
1828,RBOT
1829,RBRK
1830,RC
1831,RCB
1832,RCC
1833,RCFA
1834,RCI
1835,RCL
1836,RCS
1837,RCUS
1838,RDDT
1839,RDN
1840,RDW
1841,RDY
1842,RELX
1843,RERE
1844,RES
1845,REVG
1846,REX
1847,REXR
1848,REZI
1849,RF
1850,RFI
1851,RFL
1852,RFM
1853,RFMZ
1854,RGA
1855,RGR
1856,RGT
1857,RH
1858,RHI
1859,RHP
1860,RIG
1861,RIO
1862,RITM
1863,RIV
1864,RJF
1865,RKT
1866,RL
1867,RLI
1868,RLJ
1869,RLTY
1870,RLX
1871,RM
1872,RMAX
1873,RMD
1874,RMI
1875,RMM
1876,RMMZ
1877,RMT
1878,RNG
1879,RNGR
1880,RNP
1881,RNR
1882,RNST
1883,ROG
1884,ROK
1885,ROL
1886,RPM
1887,RQI
1888,RRAC
1889,RRC
1890,RRX
1891,RS
1892,RSF
1893,RSG
1894,RSI
1895,RSKD
1896,RTO
1897,RTX
1898,RVLV
1899,RVT
1900,RVTY
1901,RWT
1902,RWTN
1903,RWTO
1904,RXO
1905,RY
1906,RYAM
1907,RYAN
1908,RYI
1909,RYN
1910,RZB
1911,RZC
1912,S
1913,SA
1914,SABA
1915,SAFE
1916,SAH
1917,SAJ
1918,SAM
1919,SAN
1920,SAND
1921,SAP
1922,SAR
1923,SAT
1924,SAVE
1925,SAY
1926,SAZ
1927,SB
1928,SBBA
1929,SBH
1930,SBI
1931,SBR
1932,SBS
1933,SBSW
1934,SBXC
1935,SCCO
1936,SCD
1937,SCE
1938,SCHW
1939,SCI
1940,SCL
1941,SCM
1942,SCS
1943,SD
1944,SDHC
1945,SDHY
1946,SDRL
1947,SE
1948,SEDA
1949,SEE
1950,SEI
1951,SEM
1952,SEMR
1953,SES
1954,SF
1955,SFB
1956,SFBS
1957,SFL
1958,SG
1959,SGHC
1960,SGU
1961,SHAK
1962,SHCO
1963,SHEL
1964,SHG
1965,SHO
1966,SHOP
1967,SHW
1968,SID
1969,SIG
1970,SII
1971,SILA
1972,SITC
1973,SITE
1974,SJM
1975,SJT
1976,SJW
1977,SKE
1978,SKIL
1979,SKLZ
1980,SKM
1981,SKT
1982,SKX
1983,SKY
1984,SLB
1985,SLF
1986,SLG
1987,SLGN
1988,SLQT
1989,SLVM
1990,SM
1991,SMAR
1992,SMBK
1993,SMC
1994,SMFG
1995,SMG
1996,SMHI
1997,SMP
1998,SMR
1999,SMRT
2000,SMWB
2001,SN
2002,SNA
2003,SNAP
2004,SNDA
2005,SNDR
2006,SNN
2007,SNOW
2008,SNV
2009,SNX
2010,SO
2011,SOC
2012,SOJC
2013,SOJD
2014,SOJE
2015,SOL
2016,SOLV
2017,SON
2018,SONY
2019,SOR
2020,SOS
2021,SPB
2022,SPCE
2023,SPE
2024,SPG
2025,SPGI
2026,SPH
2027,SPHR
2028,SPIR
2029,SPLP
2030,SPMC
2031,SPNT
2032,SPOT
2033,SPR
2034,SPRU
2035,SPXC
2036,SPXX
2037,SQ
2038,SQM
2039,SQNS
2040,SQSP
2041,SR
2042,SRE
2043,SREA
2044,SRFM
2045,SRG
2046,SRI
2047,SRL
2048,SRV
2049,SSB
2050,SSD
2051,SSL
2052,SST
2053,SSTK
2054,ST
2055,STAG
2056,STC
2057,STE
2058,STEL
2059,STEM
2060,STEW
2061,STG
2062,STK
2063,STLA
2064,STM
2065,STN
2066,STNG
2067,STR
2068,STT
2069,STVN
2070,STWD
2071,STZ
2072,SU
2073,SUI
2074,SUM
2075,SUN
2076,SUP
2077,SUPV
2078,SUZ
2079,SVV
2080,SW
2081,SWI
2082,SWK
2083,SWN
2084,SWX
2085,SWZ
2086,SXC
2087,SXI
2088,SXT
2089,SYF
2090,SYK
2091,SYY
2092,T
2093,TAC
2094,TAK
2095,TAL
2096,TALO
2097,TAP
2098,TBB
2099,TBBB
2100,TBC
2101,TBI
2102,TBN
2103,TCI
2104,TCS
2105,TD
2106,TDC
2107,TDF
2108,TDG
2109,TDOC
2110,TDS
2111,TDW
2112,TDY
2113,TEAF
2114,TECK
2115,TEF
2116,TEI
2117,TEL
2118,TEN
2119,TEO
2120,TEVA
2121,TEX
2122,TFC
2123,TFII
2124,TFPM
2125,TFSA
2126,TFX
2127,TG
2128,TGI
2129,TGLS
2130,TGNA
2131,TGS
2132,TGT
2133,THC
2134,THG
2135,THO
2136,THQ
2137,THR
2138,THS
2139,THW
2140,TIMB
2141,TISI
2142,TIXT
2143,TJX
2144,TK
2145,TKC
2146,TKO
2147,TKR
2148,TLK
2149,TLYS
2150,TM
2151,TME
2152,TMHC
2153,TMO
2154,TNC
2155,TNET
2156,TNK
2157,TNL
2158,TOL
2159,TOST
2160,TPB
2161,TPC
2162,TPH
2163,TPL
2164,TPR
2165,TPTA
2166,TPVG
2167,TPX
2168,TPZ
2169,TR
2170,TRAK
2171,TRC
2172,TREX
2173,TRGP
2174,TRI
2175,TRN
2176,TRNO
2177,TROX
2178,TRP
2179,TRTX
2180,TRU
2181,TRV
2182,TS
2183,TSE
2184,TSI
2185,TSLX
2186,TSM
2187,TSN
2188,TSQ
2189,TT
2190,TTC
2191,TTE
2192,TTI
2193,TTP
2194,TU
2195,TUYA
2196,TV
2197,TVC
2198,TVE
2199,TWI
2200,TWLO
2201,TWN
2202,TWO
2203,TX
2204,TXNM
2205,TXO
2206,TXT
2207,TY
2208,TYG
2209,TYL
2210,U
2211,UA
2212,UAA
2213,UAN
2214,UBER
2215,UBS
2216,UCB
2217,UDR
2218,UE
2219,UFI
2220,UGI
2221,UGP
2222,UHAL
2223,UHS
2224,UHT
2225,UI
2226,UIS
2227,UL
2228,ULS
2229,UMC
2230,UMH
2231,UNF
2232,UNFI
2233,UNH
2234,UNM
2235,UNMA
2236,UNP
2237,UP
2238,UPS
2239,URI
2240,USA
2241,USAC
2242,USB
2243,USFD
2244,USM
2245,USNA
2246,USPH
2247,UTF
2248,UTI
2249,UTL
2250,UTZ
2251,UVE
2252,UVV
2253,UWMC
2254,UZD
2255,UZE
2256,UZF
2257,V
2258,VAC
2259,VAL
2260,VALE
2261,VATE
2262,VBF
2263,VCV
2264,VEEV
2265,VEL
2266,VET
2267,VFC
2268,VGI
2269,VGM
2270,VGR
2271,VHC
2272,VHI
2273,VICI
2274,VIK
2275,VIPS
2276,VIST
2277,VIV
2278,VKQ
2279,VLN
2280,VLO
2281,VLRS
2282,VLT
2283,VLTO
2284,VMC
2285,VMI
2286,VMO
2287,VNCE
2288,VNO
2289,VNT
2290,VOC
2291,VOYA
2292,VPG
2293,VPV
2294,VRE
2295,VRN
2296,VRT
2297,VRTS
2298,VSCO
2299,VSH
2300,VST
2301,VSTO
2302,VSTS
2303,VTEX
2304,VTLE
2305,VTMX
2306,VTN
2307,VTOL
2308,VTR
2309,VTS
2310,VVI
2311,VVR
2312,VVV
2313,VVX
2314,VYX
2315,VZIO
2316,W
2317,WAB
2318,WAL
2319,WAT
2320,WBS
2321,WBX
2322,WCC
2323,WCN
2324,WD
2325,WDH
2326,WDI
2327,WDS
2328,WEA
2329,WEAV
2330,WEC
2331,WEL
2332,WELL
2333,WES
2334,WEX
2335,WF
2336,WFC
2337,WFG
2338,WGO
2339,WH
2340,WHD
2341,WHG
2342,WHR
2343,WIA
2344,WIT
2345,WIW
2346,WK
2347,WKC
2348,WLK
2349,WLKP
2350,WLY
2351,WLYB
2352,WM
2353,WMB
2354,WMK
2355,WMS
2356,WMT
2357,WNC
2358,WNS
2359,WOLF
2360,WOR
2361,WOW
2362,WPC
2363,WPM
2364,WPP
2365,WRB
2366,WRBY
2367,WS
2368,WSM
2369,WSO
2370,WSO-B
2371,WSR
2372,WST
2373,WT
2374,WTI
2375,WTM
2376,WTRG
2377,WTS
2378,WTTR
2379,WU
2380,WWW
2381,WY
2382,X
2383,XFLT
2384,XHR
2385,XIN
2386,XOM
2387,XPER
2388,XPEV
2389,XPO
2390,XPOF
2391,XPRO
2392,XYF
2393,XYL
2394,YALA
2395,YELP
2396,YETI
2397,YEXT
2398,YMM
2399,YOU
2400,YPF
2401,YRD
2402,YSG
2403,YUM
2404,YUMC
2405,ZBH
2406,ZEPP
2407,ZETA
2408,ZGN
2409,ZH
2410,ZIM
2411,ZIP
2412,ZK
2413,ZKH
2414,ZTO
2415,ZTR
2416,ZTS
2417,ZUO
2418,ZVIA
2419,ZWS
2420,AACG
2421,AADI
2422,AAL
2423,AAME
2424,AAOI
2425,AAON
2426,AAPL
2427,ABAT
2428,ABCL
2429,ABEO
2430,ABL
2431,ABLLL
2432,ABLLW
2433,ABLV
2434,ABNB
2435,ABOS
2436,ABSI
2437,ABTS
2438,ABUS
2439,ABVC
2440,ABVE
2441,ABVEW
2442,ABVX
2443,ACAB
2444,ACABU
2445,ACAD
2446,ACB
2447,ACCD
2448,ACDC
2449,ACET
2450,ACGL
2451,ACGLN
2452,ACGLO
2453,ACHC
2454,ACHL
2455,ACHV
2456,ACIC
2457,ACIU
2458,ACIW
2459,ACLS
2460,ACLX
2461,ACMR
2462,ACNB
2463,ACNT
2464,ACON
2465,ACONW
2466,ACRS
2467,ACRV
2468,ACST
2469,ACT
2470,ACTG
2471,ACTU
2472,ACVA
2473,ACXP
2474,ADAG
2475,ADAP
2476,ADBE
2477,ADD
2478,ADEA
2479,ADGM
2480,ADI
2481,ADIL
2482,ADMA
2483,ADN
2484,ADNWW
2485,ADP
2486,ADPT
2487,ADSE
2488,ADSEW
2489,ADSK
2490,ADTN
2491,ADTX
2492,ADUS
2493,ADV
2494,ADVM
2495,ADVWW
2496,ADXN
2497,AEAE
2498,AEAEW
2499,AEHL
2500,AEHR
2501,AEI
2502,AEIS
2503,AEMD
2504,AENT
2505,AENTW
2506,AEP
2507,AERT
2508,AERTW
2509,AEYE
2510,AFBI
2511,AFCG
2512,AFJK
2513,AFJKU
2514,AFMD
2515,AFRI
2516,AFRIW
2517,AFRM
2518,AFYA
2519,AGAE
2520,AGBA
2521,AGBAW
2522,AGEN
2523,AGFY
2524,AGIO
2525,AGMH
2526,AGNC
2527,AGNCL
2528,AGNCM
2529,AGNCN
2530,AGNCO
2531,AGNCP
2532,AGRI
2533,AGYS
2534,AHCO
2535,AHG
2536,AIEV
2537,AIFF
2538,AIHS
2539,AILE
2540,AILEW
2541,AIMAU
2542,AIMBU
2543,AIMD
2544,AIMDW
2545,AIOT
2546,AIP
2547,AIRE
2548,AIRG
2549,AIRJ
2550,AIRJW
2551,AIRS
2552,AIRT
2553,AIRTP
2554,AISP
2555,AISPW
2556,AITR
2557,AITRR
2558,AITRU
2559,AIXI
2560,AKAM
2561,AKAN
2562,AKBA
2563,AKRO
2564,AKTS
2565,AKTX
2566,AKYA
2567,ALAB
2568,ALAR
2569,ALBT
2570,ALCE
2571,ALCO
2572,ALCY
2573,ALCYW
2574,ALDX
2575,ALEC
2576,ALF
2577,ALFUU
2578,ALFUW
2579,ALGM
2580,ALGN
2581,ALGS
2582,ALGT
2583,ALHC
2584,ALKS
2585,ALKT
2586,ALLK
2587,ALLO
2588,ALLR
2589,ALLT
2590,ALMS
2591,ALNT
2592,ALNY
2593,ALOT
2594,ALPP
2595,ALRM
2596,ALRN
2597,ALRS
2598,ALSA
2599,ALSAR
2600,ALT
2601,ALTI
2602,ALTO
2603,ALTR
2604,ALTS
2605,ALVO
2606,ALVOW
2607,ALVR
2608,ALXO
2609,ALZN
2610,AMAL
2611,AMAT
2612,AMBA
2613,AMCX
2614,AMD
2615,AMED
2616,AMGN
2617,AMIX
2618,AMKR
2619,AMLI
2620,AMLX
2621,AMPG
2622,AMPH
2623,AMPL
2624,AMRK
2625,AMRN
2626,AMRX
2627,AMSC
2628,AMSF
2629,AMST
2630,AMSWA
2631,AMTX
2632,AMWD
2633,AMZN
2634,ANAB
2635,ANDE
2636,ANEB
2637,ANGH
2638,ANGHW
2639,ANGI
2640,ANGO
2641,ANIK
2642,ANIP
2643,ANIX
2644,ANL
2645,ANNX
2646,ANSC
2647,ANSCU
2648,ANSCW
2649,ANSS
2650,ANTE
2651,ANTX
2652,ANY
2653,AOSL
2654,AOUT
2655,APA
2656,APCX
2657,APDN
2658,APEI
2659,APGE
2660,API
2661,APLD
2662,APLM
2663,APLMW
2664,APLS
2665,APLT
2666,APM
2667,APOG
2668,APP
2669,APPF
2670,APPN
2671,APPS
2672,APRE
2673,APTO
2674,APVO
2675,APWC
2676,APXI
2677,APYX
2678,AQB
2679,AQMS
2680,AQST
2681,AQU
2682,AQUNU
2683,ARAY
2684,ARBB
2685,ARBE
2686,ARBEW
2687,ARBK
2688,ARBKL
2689,ARCB
2690,ARCC
2691,ARCT
2692,ARDX
2693,AREB
2694,AREBW
2695,AREC
2696,ARGX
2697,ARHS
2698,ARKO
2699,ARKOW
2700,ARKR
2701,ARLP
2702,ARM
2703,AROW
2704,ARQ
2705,ARQQ
2706,ARQQW
2707,ARQT
2708,ARRY
2709,ARTL
2710,ARTNA
2711,ARTV
2712,ARTW
2713,ARVN
2714,ARWR
2715,ASLE
2716,ASMB
2717,ASML
2718,ASND
2719,ASNS
2720,ASO
2721,ASPI
2722,ASPS
2723,ASRT
2724,ASRV
2725,ASST
2726,ASTC
2727,ASTE
2728,ASTH
2729,ASTI
2730,ASTL
2731,ASTLW
2732,ASTS
2733,ASTSW
2734,ASUR
2735,ASYS
2736,ATAI
2737,ATAT
2738,ATCOL
2739,ATEC
2740,ATER
2741,ATEX
2742,ATGL
2743,ATHA
2744,ATHE
2745,ATIF
2746,ATLC
2747,ATLCL
2748,ATLCP
2749,ATLCZ
2750,ATLO
2751,ATLX
2752,ATMC
2753,ATMCR
2754,ATMCW
2755,ATMV
2756,ATNF
2757,ATNFW
2758,ATNI
2759,ATOM
2760,ATOS
2761,ATPC
2762,ATRA
2763,ATRC
2764,ATRO
2765,ATSG
2766,ATXG
2767,ATXI
2768,ATXS
2769,ATYR
2770,AUBN
2771,AUDC
2772,AUGX
2773,AUID
2774,AUPH
2775,AUR
2776,AURA
2777,AUROW
2778,AUTL
2779,AUUD
2780,AUUDW
2781,AVAH
2782,AVAV
2783,AVBP
2784,AVDL
2785,AVDX
2786,AVGO
2787,AVGR
2788,AVIR
2789,AVNW
2790,AVO
2791,AVPT
2792,AVPTW
2793,AVT
2794,AVTE
2795,AVTX
2796,AVXL
2797,AWH
2798,AWRE
2799,AXDX
2800,AXGN
2801,AXNX
2802,AXON
2803,AXSM
2804,AXTI
2805,AY
2806,AYRO
2807,AYTU
2808,AZ
2809,AZI
2810,AZN
2811,AZPN
2812,AZTA
2813,BACK
2814,BAER
2815,BAERW
2816,BAFN
2817,BAND
2818,BANF
2819,BANFP
2820,BANL
2821,BANR
2822,BANX
2823,BAOS
2824,BASE
2825,BATRA
2826,BATRK
2827,BAYA
2828,BBCP
2829,BBGI
2830,BBIO
2831,BBLG
2832,BBSI
2833,BCAB
2834,BCAL
2835,BCAN
2836,BCAX
2837,BCBP
2838,BCDA
2839,BCG
2840,BCGWW
2841,BCLI
2842,BCML
2843,BCOV
2844,BCOW
2845,BCPC
2846,BCRX
2847,BCSA
2848,BCSAU
2849,BCSAW
2850,BCTX
2851,BCTXW
2852,BCYC
2853,BDRX
2854,BDSX
2855,BDTX
2856,BEAM
2857,BEAT
2858,BEATW
2859,BECN
2860,BEEM
2861,BELFA
2862,BELFB
2863,BENF
2864,BENFW
2865,BETR
2866,BETRW
2867,BFC
2868,BFIN
2869,BFRG
2870,BFRGW
2871,BFRI
2872,BFRIW
2873,BFST
2874,BGC
2875,BGFV
2876,BGLC
2877,BGM
2878,BGNE
2879,BHAC
2880,BHACW
2881,BHAT
2882,BHF
2883,BHFAL
2884,BHFAM
2885,BHFAN
2886,BHFAO
2887,BHFAP
2888,BHIL
2889,BHRB
2890,BIAF
2891,BIAFW
2892,BIDU
2893,BIGC
2894,BIIB
2895,BILI
2896,BIOA
2897,BIOR
2898,BIOX
2899,BIRD
2900,BITF
2901,BIVI
2902,BJDX
2903,BJRI
2904,BKHA
2905,BKNG
2906,BKR
2907,BKYI
2908,BL
2909,BLAC
2910,BLBD
2911,BLBX
2912,BLDE
2913,BLDEW
2914,BLDP
2915,BLEU
2916,BLEUR
2917,BLEUU
2918,BLEUW
2919,BLFS
2920,BLFY
2921,BLIN
2922,BLKB
2923,BLMN
2924,BLMZ
2925,BLNK
2926,BLRX
2927,BLTE
2928,BLUE
2929,BLZE
2930,BMBL
2931,BMEA
2932,BMR
2933,BMRA
2934,BMRC
2935,BMRN
2936,BNAI
2937,BNAIW
2938,BNGO
2939,BNIXW
2940,BNOX
2941,BNR
2942,BNRG
2943,BNTC
2944,BNTX
2945,BNZI
2946,BNZIW
2947,BOCN
2948,BOCNW
2949,BOF
2950,BOKF
2951,BOLD
2952,BOLT
2953,BON
2954,BOOM
2955,BOSC
2956,BOTJ
2957,BOWN
2958,BOWNR
2959,BOXL
2960,BPMC
2961,BPOP
2962,BPOPM
2963,BPRN
2964,BPTH
2965,BPYPM
2966,BPYPN
2967,BPYPO
2968,BPYPP
2969,BRAC
2970,BRACR
2971,BRAG
2972,BREA
2973,BRFH
2974,BRID
2975,BRKHU
2976,BRKHW
2977,BRKL
2978,BRKR
2979,BRLS
2980,BRLSW
2981,BRLT
2982,BRNS
2983,BROG
2984,BROGW
2985,BRTX
2986,BRY
2987,BRZE
2988,BSBK
2989,BSET
2990,BSFC
2991,BSIIU
2992,BSLK
2993,BSLKW
2994,BSRR
2995,BSVN
2996,BSY
2997,BTAI
2998,BTBD
2999,BTBDW
3000,BTBT
3001,BTCS
3002,BTCT
3003,BTCTW
3004,BTDR
3005,BTM
3006,BTMD
3007,BTMWW
3008,BTOC
3009,BTOG
3010,BTSG
3011,BTSGU
3012,BUJA
3013,BUJAR
3014,BUJAU
3015,BUJAW
3016,BUSE
3017,BVFL
3018,BVS
3019,BWAY
3020,BWB
3021,BWBBP
3022,BWEN
3023,BWFG
3024,BWIN
3025,BWMN
3026,BYFC
3027,BYND
3028,BYNO
3029,BYNOW
3030,BYRN
3031,BYSI
3032,BZ
3033,BZFD
3034,BZFDW
3035,BZUN
3036,CAAS
3037,CABA
3038,CAC
3039,CACC
3040,CACO
3041,CADL
3042,CAKE
3043,CALC
3044,CALM
3045,CAMT
3046,CAN
3047,CAPNU
3048,CAPR
3049,CAPT
3050,CAR
3051,CARA
3052,CARE
3053,CARG
3054,CARM
3055,CART
3056,CARV
3057,CASH
3058,CASI
3059,CASS
3060,CASY
3061,CATY
3062,CBAN
3063,CBAT
3064,CBFV
3065,CBNK
3066,CBRG
3067,CBRL
3068,CBSH
3069,CBUS
3070,CCAP
3071,CCB
3072,CCBG
3073,CCCC
3074,CCCS
3075,CCD
3076,CCEC
3077,CCEP
3078,CCG
3079,CCGWW
3080,CCIX
3081,CCLD
3082,CCLDO
3083,CCLDP
3084,CCNE
3085,CCNEP
3086,CCOI
3087,CCRN
3088,CCSI
3089,CCTG
3090,CDAQ
3091,CDAQU
3092,CDIO
3093,CDIOW
3094,CDLX
3095,CDMO
3096,CDNA
3097,CDNS
3098,CDRO
3099,CDROW
3100,CDT
3101,CDTG
3102,CDTX
3103,CDW
3104,CDXC
3105,CDXS
3106,CDZI
3107,CDZIP
3108,CEAD
3109,CEADW
3110,CECO
3111,CEG
3112,CELC
3113,CELH
3114,CELU
3115,CELUW
3116,CELZ
3117,CENN
3118,CENT
3119,CENTA
3120,CENX
3121,CEP
3122,CERO
3123,CEROW
3124,CERS
3125,CERT
3126,CETX
3127,CETY
3128,CEVA
3129,CFB
3130,CFBK
3131,CFFI
3132,CFFN
3133,CFFS
3134,CFFSW
3135,CFLT
3136,CFSB
3137,CG
3138,CGABL
3139,CGBD
3140,CGBDL
3141,CGBS
3142,CGBSW
3143,CGC
3144,CGEM
3145,CGEN
3146,CGNT
3147,CGNX
3148,CGO
3149,CGON
3150,CGTX
3151,CHCI
3152,CHCO
3153,CHDN
3154,CHEF
3155,CHEK
3156,CHI
3157,CHK
3158,CHKEL
3159,CHKEW
3160,CHKEZ
3161,CHKP
3162,CHMG
3163,CHNR
3164,CHR
3165,CHRD
3166,CHRS
3167,CHRW
3168,CHSCL
3169,CHSCM
3170,CHSCN
3171,CHSCO
3172,CHSCP
3173,CHSN
3174,CHTR
3175,CHUY
3176,CHW
3177,CHX
3178,CHY
3179,CIFR
3180,CIFRW
3181,CIGI
3182,CINF
3183,CING
3184,CINGW
3185,CISO
3186,CISS
3187,CITE
3188,CIVB
3189,CJET
3190,CJJD
3191,CKPT
3192,CLAR
3193,CLBK
3194,CLBT
3195,CLDX
3196,CLEU
3197,CLFD
3198,CLGN
3199,CLIR
3200,CLLS
3201,CLMB
3202,CLMT
3203,CLNE
3204,CLNN
3205,CLNNW
3206,CLOV
3207,CLPS
3208,CLPT
3209,CLRB
3210,CLRC
3211,CLRCR
3212,CLRO
3213,CLSD
3214,CLSK
3215,CLST
3216,CLWT
3217,CMAX
3218,CMAXW
3219,CMBM
3220,CMCO
3221,CMCSA
3222,CMCT
3223,CME
3224,CMLS
3225,CMMB
3226,CMND
3227,CMPO
3228,CMPOW
3229,CMPR
3230,CMPS
3231,CMPX
3232,CMRX
3233,CMTL
3234,CNDT
3235,CNET
3236,CNEY
3237,CNFR
3238,CNFRZ
3239,CNOB
3240,CNOBP
3241,CNSL
3242,CNSP
3243,CNTA
3244,CNTB
3245,CNTM
3246,CNTX
3247,CNTY
3248,CNVS
3249,CNXC
3250,CNXN
3251,COCH
3252,COCO
3253,COCP
3254,CODA
3255,CODX
3256,COEP
3257,COEPW
3258,COFS
3259,COGT
3260,COHU
3261,COIN
3262,COKE
3263,COLB
3264,COLL
3265,COLM
3266,COMM
3267,COO
3268,COOP
3269,COOT
3270,COOTW
3271,CORT
3272,CORZ
3273,CORZW
3274,CORZZ
3275,COSM
3276,COST
3277,COYA
3278,CPB
3279,CPBI
3280,CPHC
3281,CPIX
3282,CPOP
3283,CPRT
3284,CPRX
3285,CPSH
3286,CPSS
3287,CPTN
3288,CPTNW
3289,CPZ
3290,CRAI
3291,CRBP
3292,CRBU
3293,CRCT
3294,CRDF
3295,CRDL
3296,CRDO
3297,CREG
3298,CRESW
3299,CRESY
3300,CREV
3301,CREVW
3302,CREX
3303,CRGO
3304,CRGOW
3305,CRGX
3306,CRIS
3307,CRKN
3308,CRMD
3309,CRML
3310,CRMLW
3311,CRMT
3312,CRNC
3313,CRNT
3314,CRNX
3315,CRON
3316,CROX
3317,CRSP
3318,CRSR
3319,CRTO
3320,CRUS
3321,CRVL
3322,CRVO
3323,CRVS
3324,CRWD
3325,CRWS
3326,CSBR
3327,CSCI
3328,CSCO
3329,CSGP
3330,CSGS
3331,CSIQ
3332,CSLM
3333,CSLR
3334,CSLRW
3335,CSPI
3336,CSQ
3337,CSTE
3338,CSTL
3339,CSWC
3340,CSWCZ
3341,CSWI
3342,CSX
3343,CTAS
3344,CTBI
3345,CTCX
3346,CTHR
3347,CTKB
3348,CTLP
3349,CTMX
3350,CTNM
3351,CTNT
3352,CTOR
3353,CTRM
3354,CTRN
3355,CTSH
3356,CTSO
3357,CTXR
3358,CUB
3359,CUBA
3360,CUBWU
3361,CUBWW
3362,CUE
3363,CURI
3364,CURIW
3365,CURR
3366,CUTR
3367,CVAC
3368,CVBF
3369,CVCO
3370,CVGI
3371,CVGW
3372,CVKD
3373,CVLT
3374,CVRX
3375,CVV
3376,CWBC
3377,CWCO
3378,CWD
3379,CWST
3380,CXAI
3381,CXAIW
3382,CXDO
3383,CYBR
3384,CYCC
3385,CYCCP
3386,CYCN
3387,CYN
3388,CYRX
3389,CYTH
3390,CYTK
3391,CYTO
3392,CZFS
3393,CZNC
3394,CZR
3395,CZWI
3396,DADA
3397,DAIO
3398,DAKT
3399,DALN
3400,DARE
3401,DASH
3402,DATS
3403,DATSW
3404,DAVE
3405,DAVEW
3406,DAWN
3407,DBGI
3408,DBGIW
3409,DBVT
3410,DBX
3411,DCBO
3412,DCGO
3413,DCOM
3414,DCOMG
3415,DCOMP
3416,DCTH
3417,DDI
3418,DDOG
3419,DECA
3420,DENN
3421,DERM
3422,DFLI
3423,DFLIW
3424,DGHI
3425,DGICA
3426,DGICB
3427,DGII
3428,DGLY
3429,DH
3430,DHAI
3431,DHAIW
3432,DHC
3433,DHCNI
3434,DHCNL
3435,DHIL
3436,DIBS
3437,DIOD
3438,DIST
3439,DJCO
3440,DJT
3441,DJTWW
3442,DKNG
3443,DLHC
3444,DLO
3445,DLPN
3446,DLTH
3447,DLTR
3448,DMAC
3449,DMLP
3450,DMRC
3451,DNLI
3452,DNTH
3453,DNUT
3454,DOCU
3455,DOGZ
3456,DOMH
3457,DOMO
3458,DOOO
3459,DORM
3460,DOX
3461,DOYU
3462,DPCSW
3463,DPRO
3464,DRCT
3465,DRIO
3466,DRMA
3467,DRMAW
3468,DRRX
3469,DRS
3470,DRTS
3471,DRTSW
3472,DRUG
3473,DRVN
3474,DSGN
3475,DSGR
3476,DSGX
3477,DSP
3478,DSWL
3479,DSY
3480,DSYWW
3481,DTCK
3482,DTI
3483,DTIL
3484,DTSQ
3485,DTSQU
3486,DTSS
3487,DTST
3488,DTSTW
3489,DUET
3490,DUETW
3491,DUO
3492,DUOL
3493,DUOT
3494,DVAX
3495,DWSN
3496,DXCM
3497,DXLG
3498,DXPE
3499,DXR
3500,DXYN
3501,DYAI
3502,DYCQ
3503,DYN
3504,EA
3505,EAST
3506,EBAY
3507,EBC
3508,EBMT
3509,EBON
3510,EBTC
3511,ECBK
3512,ECDA
3513,ECDAW
3514,ECOR
3515,ECPG
3516,ECX
3517,ECXWW
3518,EDAP
3519,EDBL
3520,EDBLW
3521,EDIT
3522,EDRY
3523,EDSA
3524,EDTK
3525,EDUC
3526,EEFT
3527,EEIQ
3528,EFOI
3529,EFSC
3530,EFSCP
3531,EGAN
3532,EGBN
3533,EGHT
3534,EGRX
3535,EH
3536,EHGO
3537,EHTH
3538,EJH
3539,EKSO
3540,ELAB
3541,ELBM
3542,ELDN
3543,ELEV
3544,ELSE
3545,ELTK
3546,ELTX
3547,ELUT
3548,ELVA
3549,ELVN
3550,ELWS
3551,ELYM
3552,EM
3553,EMBC
3554,EMCG
3555,EMKR
3556,EML
3557,ENG
3558,ENGN
3559,ENLT
3560,ENLV
3561,ENPH
3562,ENSC
3563,ENSG
3564,ENTA
3565,ENTG
3566,ENTO
3567,ENTX
3568,ENVB
3569,ENVX
3570,EOLS
3571,EOSE
3572,EOSEW
3573,EPIX
3574,EPOW
3575,EPRX
3576,EPSN
3577,EQ
3578,EQIX
3579,ERAS
3580,ERIC
3581,ERIE
3582,ERII
3583,ERNA
3584,ESCA
3585,ESEA
3586,ESGL
3587,ESGLW
3588,ESGR
3589,ESGRO
3590,ESGRP
3591,ESHA
3592,ESHAR
3593,ESLA
3594,ESLAW
3595,ESLT
3596,ESOA
3597,ESPR
3598,ESQ
3599,ESSA
3600,ESTA
3601,ETHA
3602,ETNB
3603,ETON
3604,ETSY
3605,EU
3606,EUDA
3607,EUDAW
3608,EURK
3609,EURKR
3610,EURKU
3611,EVAX
3612,EVCM
3613,EVER
3614,EVGN
3615,EVGO
3616,EVGOW
3617,EVGR
3618,EVGRW
3619,EVLV
3620,EVLVW
3621,EVO
3622,EVOK
3623,EVRG
3624,EVTV
3625,EWBC
3626,EWCZ
3627,EWTX
3628,EXAI
3629,EXAS
3630,EXC
3631,EXEL
3632,EXFY
3633,EXLS
3634,EXPE
3635,EXPI
3636,EXPO
3637,EXTR
3638,EYE
3639,EYEN
3640,EYPT
3641,EZFL
3642,EZGO
3643,EZPW
3644,FA
3645,FAAS
3646,FAASW
3647,FAMI
3648,FANG
3649,FANH
3650,FARM
3651,FARO
3652,FAST
3653,FAT
3654,FATBB
3655,FATBP
3656,FATBW
3657,FATE
3658,FBIO
3659,FBIOP
3660,FBIZ
3661,FBLG
3662,FBNC
3663,FBRX
3664,FBYD
3665,FBYDW
3666,FCAP
3667,FCBC
3668,FCCO
3669,FCEL
3670,FCFS
3671,FCNCA
3672,FCNCO
3673,FCNCP
3674,FCUV
3675,FDBC
3676,FDMT
3677,FDSB
3678,FDUS
3679,FEAM
3680,FEBO
3681,FEIM
3682,FELE
3683,FEMY
3684,FENC
3685,FER
3686,FFBC
3687,FFIC
3688,FFIE
3689,FFIEW
3690,FFIN
3691,FFIV
3692,FFNW
3693,FGBI
3694,FGBIP
3695,FGEN
3696,FGF
3697,FGFPP
3698,FGI
3699,FGIWW
3700,FHB
3701,FHTX
3702,FIAC
3703,FIACU
3704,FIACW
3705,FIBK
3706,FINW
3707,FIP
3708,FISI
3709,FITB
3710,FITBI
3711,FITBO
3712,FITBP
3713,FIVE
3714,FIVN
3715,FIZZ
3716,FKWL
3717,FLD
3718,FLDDU
3719,FLDDW
3720,FLEX
3721,FLGC
3722,FLGT
3723,FLIC
3724,FLL
3725,FLNC
3726,FLNT
3727,FLUX
3728,FLWS
3729,FLXS
3730,FLYE
3731,FLYW
3732,FMAO
3733,FMBH
3734,FMNB
3735,FMST
3736,FMSTW
3737,FNGR
3738,FNKO
3739,FNLC
3740,FNVT
3741,FNVTW
3742,FNWB
3743,FNWD
3744,FOLD
3745,FONR
3746,FORA
3747,FORD
3748,FORLW
3749,FORM
3750,FORR
3751,FORTY
3752,FOSL
3753,FOSLL
3754,FOX
3755,FOXA
3756,FOXF
3757,FOXX
3758,FPAY
3759,FRAF
3760,FRBA
3761,FRES
3762,FRGT
3763,FRHC
3764,FRLA
3765,FRME
3766,FRMEP
3767,FROG
3768,FRPH
3769,FRPT
3770,FRSH
3771,FRST
3772,FRSX
3773,FRZA
3774,FSBC
3775,FSBW
3776,FSEA
3777,FSFG
3778,FSHP
3779,FSLR
3780,FSTR
3781,FSUN
3782,FSV
3783,FTAI
3784,FTAIM
3785,FTAIN
3786,FTAIO
3787,FTAIP
3788,FTCI
3789,FTDR
3790,FTEK
3791,FTEL
3792,FTFT
3793,FTHM
3794,FTII
3795,FTIIW
3796,FTLF
3797,FTNT
3798,FTRE
3799,FUFU
3800,FUFUW
3801,FULC
3802,FULT
3803,FULTP
3804,FUNC
3805,FUND
3806,FUSB
3807,FUTU
3808,FVCB
3809,FVNNU
3810,FWONA
3811,FWONK
3812,FWRD
3813,FWRG
3814,FXNC
3815,FYBR
3816,GABC
3817,GAIA
3818,GAIN
3819,GAINL
3820,GAINN
3821,GAINZ
3822,GALT
3823,GAMB
3824,GAME
3825,GAN
3826,GANX
3827,GASS
3828,GATE
3829,GAUZ
3830,GBBK
3831,GBBKR
3832,GBBKW
3833,GBDC
3834,GBIO
3835,GBNY
3836,GCBC
3837,GCMG
3838,GCMGW
3839,GCT
3840,GCTK
3841,GDC
3842,GDEN
3843,GDEV
3844,GDHG
3845,GDRX
3846,GDS
3847,GDST
3848,GDSTR
3849,GDTC
3850,GDYN
3851,GECC
3852,GECCH
3853,GECCI
3854,GECCM
3855,GECCO
3856,GECCZ
3857,GEG
3858,GEGGL
3859,GEHC
3860,GEN
3861,GENE
3862,GENK
3863,GEOS
3864,GERN
3865,GEVO
3866,GFAI
3867,GFAIW
3868,GFS
3869,GGAL
3870,GGR
3871,GGROW
3872,GH
3873,GHIX
3874,GHIXW
3875,GHRS
3876,GHSI
3877,GIFI
3878,GIFT
3879,GIG
3880,GIGGU
3881,GIGGW
3882,GIGM
3883,GIII
3884,GILD
3885,GILT
3886,GIPR
3887,GLAC
3888,GLAD
3889,GLADZ
3890,GLBE
3891,GLBS
3892,GLBZ
3893,GLDD
3894,GLE
3895,GLLI
3896,GLMD
3897,GLNG
3898,GLPG
3899,GLPI
3900,GLRE
3901,GLSI
3902,GLST
3903,GLSTR
3904,GLSTU
3905,GLTO
3906,GLUE
3907,GLXG
3908,GLYC
3909,GMAB
3910,GMGI
3911,GMM
3912,GNFT
3913,GNLN
3914,GNLX
3915,GNPX
3916,GNSS
3917,GNTA
3918,GNTX
3919,GO
3920,GOCO
3921,GODN
3922,GOEV
3923,GOEVW
3924,GOGL
3925,GOGO
3926,GOOD
3927,GOODN
3928,GOODO
3929,GOOG
3930,GOOGL
3931,GORV
3932,GOSS
3933,GOVX
3934,GOVXW
3935,GP
3936,GPAT
3937,GPATW
3938,GPCR
3939,GPRE
3940,GPRO
3941,GRAB
3942,GRABW
3943,GRAL
3944,GRDI
3945,GRDIW
3946,GREE
3947,GREEL
3948,GRFS
3949,GRI
3950,GRNQ
3951,GROW
3952,GRPN
3953,GRRR
3954,GRRRW
3955,GRTS
3956,GRVY
3957,GRWG
3958,GRYP
3959,GSBC
3960,GSHD
3961,GSIT
3962,GSIW
3963,GSM
3964,GSMGW
3965,GSUN
3966,GT
3967,GTAC
3968,GTACW
3969,GTBP
3970,GTEC
3971,GTI
3972,GTIM
3973,GTLB
3974,GTX
3975,GURE
3976,GUTS
3977,GV
3978,GVH
3979,GVP
3980,GWAV
3981,GWRS
3982,GXAI
3983,GYRE
3984,GYRO
3985,HAFC
3986,HAIA
3987,HAIAU
3988,HAIAW
3989,HAIN
3990,HALO
3991,HAO
3992,HAS
3993,HAYN
3994,HBAN
3995,HBANL
3996,HBANM
3997,HBANP
3998,HBCP
3999,HBIO
4000,HBNC
4001,HBT
4002,HCAT
4003,HCKT
4004,HCM
4005,HCP
4006,HCSG
4007,HCTI
4008,HCVI
4009,HCVIU
4010,HCVIW
4011,HCWB
4012,HDL
4013,HDSN
4014,HEAR
4015,HEES
4016,HELE
4017,HEPA
4018,HEPS
4019,HFBL
4020,HFFG
4021,HFWA
4022,HGBL
4023,HHGC
4024,HHGCW
4025,HHS
4026,HIFS
4027,HIHO
4028,HIMX
4029,HITI
4030,HIVE
4031,HKIT
4032,HLIT
4033,HLMN
4034,HLNE
4035,HLP
4036,HLVX
4037,HLXB
4038,HMNF
4039,HMST
4040,HNNA
4041,HNNAZ
4042,HNRG
4043,HNST
4044,HNVR
4045,HOFT
4046,HOFV
4047,HOFVW
4048,HOLO
4049,HOLOW
4050,HOLX
4051,HON
4052,HONDU
4053,HONE
4054,HOOD
4055,HOOK
4056,HOPE
4057,HOTH
4058,HOUR
4059,HOVNP
4060,HOVR
4061,HOVRW
4062,HOWL
4063,HPAI
4064,HPAIW
4065,HPH
4066,HPK
4067,HPKEW
4068,HQI
4069,HQY
4070,HRMY
4071,HROW
4072,HROWL
4073,HROWM
4074,HRTX
4075,HRYU
4076,HRZN
4077,HSAI
4078,HSCS
4079,HSCSW
4080,HSDT
4081,HSIC
4082,HSII
4083,HSON
4084,HSPO
4085,HSPOR
4086,HST
4087,HSTM
4088,HTBI
4089,HTBK
4090,HTCR
4091,HTHT
4092,HTIA
4093,HTIBP
4094,HTLD
4095,HTLF
4096,HTLFP
4097,HTOO
4098,HTOOW
4099,HTZ
4100,HTZWW
4101,HUBC
4102,HUBCW
4103,HUBCZ
4104,HUBG
4105,HUDI
4106,HUIZ
4107,HUMA
4108,HUMAW
4109,HURC
4110,HURN
4111,HUT
4112,HWBK
4113,HWC
4114,HWCPZ
4115,HWH
4116,HWKN
4117,HYFM
4118,HYMC
4119,HYMCL
4120,HYMCW
4121,HYPR
4122,HYZN
4123,HYZNW
4124,IAC
4125,IART
4126,IAS
4127,IBAC
4128,IBACR
4129,IBCP
4130,IBEX
4131,IBG
4132,IBKR
4133,IBOC
4134,IBRX
4135,IBTX
4136,ICAD
4137,ICCC
4138,ICCH
4139,ICCM
4140,ICCT
4141,ICFI
4142,ICG
4143,ICHR
4144,ICLK
4145,ICLR
4146,ICMB
4147,ICON
4148,ICU
4149,ICUCW
4150,ICUI
4151,IDAI
4152,IDCC
4153,IDN
4154,IDXX
4155,IDYA
4156,IEP
4157,IESC
4158,IFBD
4159,IFRX
4160,IGIC
4161,IGMS
4162,IGTA
4163,IGTAU
4164,IGTAW
4165,IHRT
4166,III
4167,IIIV
4168,IINN
4169,IINNW
4170,IKNA
4171,IKT
4172,ILAG
4173,ILMN
4174,ILPT
4175,IMAB
4176,IMCC
4177,IMCR
4178,IMKTA
4179,IMMP
4180,IMMR
4181,IMMX
4182,IMNM
4183,IMNN
4184,IMOS
4185,IMPP
4186,IMPPP
4187,IMRN
4188,IMRX
4189,IMTE
4190,IMTX
4191,IMTXW
4192,IMUX
4193,IMVT
4194,IMXI
4195,INAB
4196,INAQ
4197,INAQU
4198,INAQW
4199,INBK
4200,INBKZ
4201,INBS
4202,INBX
4203,INCR
4204,INCY
4205,INDB
4206,INDI
4207,INDP
4208,INDV
4209,INFN
4210,INGN
4211,INHD
4212,INKT
4213,INM
4214,INMB
4215,INMD
4216,INNV
4217,INO
4218,INOD
4219,INSE
4220,INSG
4221,INSM
4222,INTA
4223,INTC
4224,INTE
4225,INTG
4226,INTJ
4227,INTR
4228,INTS
4229,INTU
4230,INTZ
4231,INVA
4232,INVE
4233,INVO
4234,INVZ
4235,INVZW
4236,INZY
4237,IOBT
4238,IONR
4239,IONS
4240,IOSP
4241,IOVA
4242,IPA
4243,IPAR
4244,IPDN
4245,IPGP
4246,IPHA
4247,IPSC
4248,IPW
4249,IPWR
4250,IPX
4251,IPXX
4252,IPXXU
4253,IPXXW
4254,IQ
4255,IRBT
4256,IRDM
4257,IREN
4258,IRIX
4259,IRMD
4260,IROH
4261,IROHR
4262,IROHW
4263,IRON
4264,IROQ
4265,IRTC
4266,IRWD
4267,ISPC
4268,ISPO
4269,ISPOW
4270,ISPR
4271,ISRG
4272,ISRL
4273,ISRLU
4274,ISRLW
4275,ISSC
4276,ISTR
4277,ITCI
4278,ITI
4279,ITIC
4280,ITOS
4281,ITRI
4282,ITRM
4283,ITRN
4284,IVA
4285,IVAC
4286,IVCA
4287,IVCB
4288,IVCBW
4289,IVCP
4290,IVCPU
4291,IVCPW
4292,IVDA
4293,IVDAW
4294,IVP
4295,IVVD
4296,IXAQ
4297,IXAQW
4298,IXHL
4299,IZEA
4300,IZM
4301,JACK
4302,JAGX
4303,JAKK
4304,JAMF
4305,JANX
4306,JAZZ
4307,JBDI
4308,JBHT
4309,JBLU
4310,JBSS
4311,JCSE
4312,JCTCF
4313,JD
4314,JDZG
4315,JFBR
4316,JFBRW
4317,JFIN
4318,JFU
4319,JG
4320,JJSF
4321,JKHY
4322,JL
4323,JMSB
4324,JNVR
4325,JOUT
4326,JRSH
4327,JRVR
4328,JSM
4329,JSPR
4330,JSPRW
4331,JTAI
4332,JUNE
4333,JVA
4334,JVSA
4335,JVSAU
4336,JWEL
4337,JXJT
4338,JYD
4339,JYNT
4340,JZ
4341,JZXN
4342,KACL
4343,KACLR
4344,KALA
4345,KALU
4346,KALV
4347,KARO
4348,KAVL
4349,KC
4350,KDLY
4351,KDLYW
4352,KDP
4353,KE
4354,KELYA
4355,KELYB
4356,KEQU
4357,KFFB
4358,KGEI
4359,KHC
4360,KIDS
4361,KINS
4362,KIRK
4363,KITT
4364,KITTW
4365,KLAC
4366,KLIC
4367,KLTO
4368,KLTOW
4369,KLTR
4370,KLXE
4371,KMDA
4372,KNDI
4373,KNSA
4374,KOD
4375,KOPN
4376,KOSS
4377,KPLT
4378,KPLTW
4379,KPRX
4380,KPTI
4381,KRKR
4382,KRMD
4383,KRNT
4384,KRNY
4385,KRON
4386,KROS
4387,KRRO
4388,KRT
4389,KRUS
4390,KRYS
4391,KSCP
4392,KSPI
4393,KTCC
4394,KTOS
4395,KTRA
4396,KTTA
4397,KTTAW
4398,KURA
4399,KVAC
4400,KVACW
4401,KVHI
4402,KWE
4403,KWESW
4404,KXIN
4405,KYMR
4406,KYTX
4407,KZIA
4408,KZR
4409,LAB
4410,LAES
4411,LAKE
4412,LAMR
4413,LANC
4414,LAND
4415,LANDM
4416,LANDO
4417,LANDP
4418,LARK
4419,LASE
4420,LASR
4421,LATG
4422,LATGU
4423,LAUR
4424,LAZR
4425,LBPH
4426,LBRDA
4427,LBRDK
4428,LBRDP
4429,LBTYA
4430,LBTYB
4431,LBTYK
4432,LCFY
4433,LCFYW
4434,LCID
4435,LCNB
4436,LCUT
4437,LCW
4438,LDTC
4439,LDTCW
4440,LDWY
4441,LE
4442,LECO
4443,LEDS
4444,LEE
4445,LEGH
4446,LEGN
4447,LENZ
4448,LESL
4449,LEXX
4450,LEXXW
4451,LFCR
4452,LFLY
4453,LFLYW
4454,LFMD
4455,LFMDP
4456,LFST
4457,LFUS
4458,LFVN
4459,LFWD
4460,LGCB
4461,LGCL
4462,LGHL
4463,LGHLW
4464,LGIH
4465,LGMK
4466,LGND
4467,LGO
4468,LGVN
4469,LI
4470,LICN
4471,LIDR
4472,LIDRW
4473,LIF
4474,LIFW
4475,LIFWW
4476,LIFWZ
4477,LILA
4478,LILAK
4479,LILM
4480,LILMW
4481,LIN
4482,LINC
4483,LIND
4484,LINE
4485,LINK
4486,LION
4487,LIPO
4488,LIQT
4489,LITE
4490,LITM
4491,LIVE
4492,LIVN
4493,LIXT
4494,LIXTW
4495,LKCO
4496,LKFN
4497,LKQ
4498,LLYVA
4499,LLYVK
4500,LMAT
4501,LMB
4502,LMFA
4503,LMNR
4504,LNKB
4505,LNSR
4506,LNT
4507,LNTH
4508,LNW
4509,LNZA
4510,LNZAW
4511,LOAN
4512,LOBO
4513,LOCO
4514,LOGC
4515,LOGI
4516,LOOP
4517,LOPE
4518,LOT
4519,LOTWW
4520,LOVE
4521,LPAA
4522,LPAAU
4523,LPAAW
4524,LPCN
4525,LPLA
4526,LPRO
4527,LPSN
4528,LPTH
4529,LPTX
4530,LQDA
4531,LQDT
4532,LQR
4533,LRCX
4534,LRE
4535,LRFC
4536,LRHC
4537,LRMR
4538,LSAK
4539,LSB
4540,LSBK
4541,LSBPW
4542,LSCC
4543,LSEA
4544,LSEAW
4545,LSH
4546,LSTA
4547,LSTR
4548,LTBR
4549,LTRN
4550,LTRX
4551,LTRY
4552,LTRYW
4553,LUCD
4554,LUCY
4555,LUCYW
4556,LULU
4557,LUMO
4558,LUNA
4559,LUNG
4560,LUNR
4561,LUNRW
4562,LUXH
4563,LUXHP
4564,LVLU
4565,LVO
4566,LVRO
4567,LVROW
4568,LVTX
4569,LWAY
4570,LWLG
4571,LX
4572,LXEH
4573,LXEO
4574,LXRX
4575,LYEL
4576,LYFT
4577,LYRA
4578,LYT
4579,LYTS
4580,LZ
4581,MACI
4582,MACIW
4583,MAMA
4584,MAMO
4585,MANH
4586,MAPS
4587,MAPSW
4588,MAR
4589,MARA
4590,MARPS
4591,MARX
4592,MASI
4593,MASS
4594,MAT
4595,MATH
4596,MATW
4597,MAXN
4598,MAYS
4599,MBAV
4600,MBAVU
4601,MBAVW
4602,MBCN
4603,MBIN
4604,MBINM
4605,MBINN
4606,MBINO
4607,MBIO
4608,MBLY
4609,MBNKP
4610,MBOT
4611,MBRX
4612,MBUU
4613,MBWM
4614,MBX
4615,MCAA
4616,MCAG
4617,MCBS
4618,MCFT
4619,MCHP
4620,MCHX
4621,MCRB
4622,MCRI
4623,MCVT
4624,MDAI
4625,MDAIW
4626,MDB
4627,MDBH
4628,MDGL
4629,MDIA
4630,MDJH
4631,MDLZ
4632,MDRR
4633,MDRRP
4634,MDWD
4635,MDXG
4636,MDXH
4637,ME
4638,MEDP
4639,MEGL
4640,MEIP
4641,MELI
4642,MEOH
4643,MERC
4644,MESA
4645,MESO
4646,META
4647,METC
4648,METCB
4649,METCL
4650,MFH
4651,MFI
4652,MFIC
4653,MFICL
4654,MFIN
4655,MGEE
4656,MGIC
4657,MGIH
4658,MGNI
4659,MGNX
4660,MGOL
4661,MGPI
4662,MGRC
4663,MGRM
4664,MGRX
4665,MGTX
4666,MGX
4667,MGYR
4668,MHLD
4669,MHUA
4670,MIDD
4671,MIGI
4672,MIND
4673,MIRA
4674,MIRM
4675,MIST
4676,MITA
4677,MITAW
4678,MITK
4679,MKDW
4680,MKDWW
4681,MKSI
4682,MKTW
4683,MKTX
4684,MLAB
4685,MLCO
4686,MLEC
4687,MLECW
4688,MLGO
4689,MLKN
4690,MLTX
4691,MLYS
4692,MMLP
4693,MMSI
4694,MMV
4695,MMYT
4696,MNDO
4697,MNDR
4698,MNDY
4699,MNKD
4700,MNMD
4701,MNOV
4702,MNPR
4703,MNRO
4704,MNSB
4705,MNSBP
4706,MNST
4707,MNTK
4708,MNTS
4709,MNTSW
4710,MNTX
4711,MNY
4712,MNYWW
4713,MOB
4714,MOBX
4715,MODD
4716,MODV
4717,MOFG
4718,MOGO
4719,MOLN
4720,MOMO
4721,MOND
4722,MORN
4723,MOVE
4724,MPAA
4725,MPB
4726,MPWR
4727,MQ
4728,MRAM
4729,MRBK
4730,MRCC
4731,MRCY
4732,MREO
4733,MRIN
4734,MRKR
4735,MRM
4736,MRNA
4737,MRNO
4738,MRNOW
4739,MRNS
4740,MRSN
4741,MRTN
4742,MRUS
4743,MRVI
4744,MRVL
4745,MRX
4746,MSAI
4747,MSAIW
4748,MSBI
4749,MSBIP
4750,MSEX
4751,MSFT
4752,MSGM
4753,MSS
4754,MSSA
4755,MSSAU
4756,MSSAW
4757,MSTR
4758,MTC
4759,MTCH
4760,MTEK
4761,MTEKW
4762,MTEM
4763,MTEN
4764,MTEX
4765,MTLS
4766,MTRX
4767,MTSI
4768,MTTR
4769,MU
4770,MULN
4771,MURA
4772,MVBF
4773,MVIS
4774,MVST
4775,MVSTW
4776,MXCT
4777,MXL
4778,MYFW
4779,MYGN
4780,MYNA
4781,MYNZ
4782,MYPS
4783,MYRG
4784,MYSZ
4785,NAAS
4786,NAII
4787,NAMS
4788,NAMSW
4789,NAOV
4790,NARI
4791,NATH
4792,NATR
4793,NAUT
4794,NAVI
4795,NB
4796,NBBK
4797,NBIX
4798,NBN
4799,NBTB
4800,NBTX
4801,NCI
4802,NCMI
4803,NCNA
4804,NCNC
4805,NCNO
4806,NCPL
4807,NCRA
4808,NCSM
4809,NCTY
4810,NDAQ
4811,NDLS
4812,NDRA
4813,NDSN
4814,NECB
4815,NEGG
4816,NEO
4817,NEOG
4818,NEON
4819,NEOV
4820,NEPH
4821,NERV
4822,NETD
4823,NETDW
4824,NEWT
4825,NEWTG
4826,NEWTH
4827,NEWTI
4828,NEWTZ
4829,NEXN
4830,NEXT
4831,NFBK
4832,NFE
4833,NFLX
4834,NGNE
4835,NHTC
4836,NICE
4837,NICK
4838,NIOBW
4839,NIPG
4840,NISN
4841,NITO
4842,NIU
4843,NIVF
4844,NIVFW
4845,NKGN
4846,NKGNW
4847,NKLA
4848,NKSH
4849,NKTR
4850,NKTX
4851,NLSP
4852,NLSPW
4853,NMFC
4854,NMFCZ
4855,NMHI
4856,NMHIW
4857,NMIH
4858,NMRA
4859,NMRK
4860,NMTC
4861,NN
4862,NNAVW
4863,NNBR
4864,NNDM
4865,NNE
4866,NNOX
4867,NODK
4868,NOTV
4869,NOVT
4870,NPAB
4871,NPABU
4872,NPABW
4873,NPCE
4874,NRBO
4875,NRC
4876,NRDS
4877,NRIM
4878,NRIX
4879,NRSN
4880,NRSNW
4881,NRXP
4882,NRXPW
4883,NSIT
4884,NSPR
4885,NSSC
4886,NSTS
4887,NSYS
4888,NTAP
4889,NTBL
4890,NTCT
4891,NTES
4892,NTGR
4893,NTIC
4894,NTLA
4895,NTNX
4896,NTRA
4897,NTRB
4898,NTRBW
4899,NTRP
4900,NTRS
4901,NTRSO
4902,NTWK
4903,NUKK
4904,NUKKW
4905,NURO
4906,NUTX
4907,NUVL
4908,NUWE
4909,NUZE
4910,NVA
4911,NVAC
4912,NVACR
4913,NVAWW
4914,NVAX
4915,NVCR
4916,NVCT
4917,NVDA
4918,NVEC
4919,NVEE
4920,NVEI
4921,NVFY
4922,NVMI
4923,NVNI
4924,NVNIW
4925,NVNO
4926,NVOS
4927,NVTS
4928,NVVE
4929,NVVEW
4930,NVX
4931,NWBI
4932,NWE
4933,NWFL
4934,NWGL
4935,NWL
4936,NWPX
4937,NWS
4938,NWSA
4939,NWTN
4940,NWTNW
4941,NXGL
4942,NXGLW
4943,NXL
4944,NXPI
4945,NXPL
4946,NXPLW
4947,NXST
4948,NXT
4949,NXTC
4950,NXTT
4951,NXU
4952,NYAX
4953,NYMT
4954,NYMTI
4955,NYMTL
4956,NYMTM
4957,NYMTN
4958,NYMTZ
4959,NYXH
4960,OABI
4961,OABIW
4962,OAKU
4963,OAKUR
4964,OB
4965,OBIO
4966,OBLG
4967,OBT
4968,OCC
4969,OCCI
4970,OCCIN
4971,OCCIO
4972,OCEA
4973,OCEAW
4974,OCFC
4975,OCFCP
4976,OCG
4977,OCGN
4978,OCS
4979,OCSAW
4980,OCSL
4981,OCTO
4982,OCUL
4983,OCUP
4984,OCX
4985,ODD
4986,ODFL
4987,ODP
4988,ODVWZ
4989,OESX
4990,OFIX
4991,OFLX
4992,OFS
4993,OFSSH
4994,OGI
4995,OKTA
4996,OKYO
4997,OLB
4998,OLED
4999,OLLI
5000,OLMA
5001,OLPX
5002,OM
5003,OMAB
5004,OMCL
5005,OMER
5006,OMEX
5007,OMGA
5008,OMH
5009,OMIC
5010,ON
5011,ONB
5012,ONBPO
5013,ONBPP
5014,ONCO
5015,ONCT
5016,ONCY
5017,ONDS
5018,ONEW
5019,ONFO
5020,ONFOW
5021,ONMD
5022,ONVO
5023,ONYX
5024,OP
5025,OPAL
5026,OPBK
5027,OPCH
5028,OPEN
5029,OPHC
5030,OPI
5031,OPINL
5032,OPK
5033,OPOF
5034,OPRA
5035,OPRT
5036,OPRX
5037,OPT
5038,OPTN
5039,OPTX
5040,OPTXW
5041,OPXS
5042,ORGN
5043,ORGNW
5044,ORGO
5045,ORGS
5046,ORIC
5047,ORKA
5048,ORKT
5049,ORLY
5050,ORMP
5051,ORRF
5052,OS
5053,OSBC
5054,OSIS
5055,OSPN
5056,OSS
5057,OST
5058,OSUR
5059,OSW
5060,OTEX
5061,OTLK
5062,OTLY
5063,OTRK
5064,OTTR
5065,OVBC
5066,OVID
5067,OVLY
5068,OXBR
5069,OXLC
5070,OXLCI
5071,OXLCL
5072,OXLCN
5073,OXLCO
5074,OXLCP
5075,OXLCZ
5076,OXSQ
5077,OXSQG
5078,OXSQZ
5079,OZK
5080,OZKAP
5081,PAA
5082,PACB
5083,PAGP
5084,PAHC
5085,PAL
5086,PALI
5087,PALT
5088,PANL
5089,PANW
5090,PARA
5091,PARAA
5092,PASG
5093,PATK
5094,PAVM
5095,PAVMZ
5096,PAVS
5097,PAX
5098,PAYO
5099,PAYS
5100,PAYX
5101,PBBK
5102,PBFS
5103,PBHC
5104,PBM
5105,PBMWW
5106,PBPB
5107,PBYI
5108,PC
5109,PCAR
5110,PCB
5111,PCH
5112,PCRX
5113,PCSA
5114,PCSC
5115,PCT
5116,PCTTU
5117,PCTTW
5118,PCTY
5119,PCVX
5120,PCYO
5121,PDCO
5122,PDD
5123,PDEX
5124,PDFS
5125,PDLB
5126,PDSB
5127,PDYN
5128,PDYNW
5129,PEBK
5130,PEBO
5131,PECO
5132,PEGA
5133,PEGY
5134,PENN
5135,PEP
5136,PEPG
5137,PERI
5138,PESI
5139,PET
5140,PETQ
5141,PETS
5142,PETWW
5143,PETZ
5144,PEV
5145,PFBC
5146,PFC
5147,PFG
5148,PFIE
5149,PFIS
5150,PFMT
5151,PFTA
5152,PFTAU
5153,PFTAW
5154,PFX
5155,PFXNZ
5156,PGC
5157,PGEN
5158,PGHL
5159,PGNY
5160,PGY
5161,PGYWW
5162,PHAR
5163,PHAT
5164,PHIO
5165,PHUN
5166,PHVS
5167,PI
5168,PIII
5169,PIIIW
5170,PIK
5171,PINC
5172,PIRS
5173,PITA
5174,PITAW
5175,PIXY
5176,PKBK
5177,PKOH
5178,PLAB
5179,PLAO
5180,PLAOW
5181,PLAY
5182,PLBC
5183,PLBY
5184,PLCE
5185,PLL
5186,PLMJ
5187,PLMR
5188,PLPC
5189,PLRX
5190,PLSE
5191,PLTK
5192,PLUG
5193,PLUR
5194,PLUS
5195,PLXS
5196,PLYA
5197,PMAX
5198,PMCB
5199,PMD
5200,PMEC
5201,PMN
5202,PMTS
5203,PMVP
5204,PNBK
5205,PNFP
5206,PNFPP
5207,PNRG
5208,PNTG
5209,POAI
5210,POCI
5211,PODC
5212,PODD
5213,POET
5214,POLA
5215,POLEU
5216,POOL
5217,POWI
5218,POWL
5219,POWW
5220,POWWP
5221,PPBI
5222,PPBT
5223,PPC
5224,PPIH
5225,PPSI
5226,PPTA
5227,PPYA
5228,PPYAW
5229,PRAA
5230,PRAX
5231,PRCH
5232,PRCT
5233,PRDO
5234,PRE
5235,PRENW
5236,PRFT
5237,PRFX
5238,PRGS
5239,PRLD
5240,PRLH
5241,PRME
5242,PROC
5243,PROCW
5244,PROF
5245,PROK
5246,PROP
5247,PROV
5248,PRPH
5249,PRPL
5250,PRPO
5251,PRQR
5252,PRSO
5253,PRTA
5254,PRTC
5255,PRTG
5256,PRTH
5257,PRTS
5258,PRVA
5259,PRZO
5260,PSHG
5261,PSIG
5262,PSMT
5263,PSNL
5264,PSNY
5265,PSNYW
5266,PSTV
5267,PSTX
5268,PT
5269,PTC
5270,PTCT
5271,PTEN
5272,PTGX
5273,PTHL
5274,PTIX
5275,PTIXW
5276,PTLO
5277,PTMN
5278,PTON
5279,PTPI
5280,PTSI
5281,PTVE
5282,PUBM
5283,PULM
5284,PVBC
5285,PWM
5286,PWOD
5287,PWP
5288,PWUPU
5289,PWUPW
5290,PXDT
5291,PXLW
5292,PXS
5293,PXSAP
5294,PXSAW
5295,PYCR
5296,PYPD
5297,PYPL
5298,PYXS
5299,PZZA
5300,QCOM
5301,QCRH
5302,QDEL
5303,QETA
5304,QFIN
5305,QH
5306,QIPT
5307,QLGN
5308,QLYS
5309,QMCO
5310,QMMM
5311,QNCX
5312,QNRX
5313,QNST
5314,QNTM
5315,QOMO
5316,QQQX
5317,QRHC
5318,QRTEA
5319,QRTEB
5320,QRTEP
5321,QRVO
5322,QSG
5323,QSI
5324,QSIAW
5325,QTI
5326,QTRX
5327,QTTB
5328,QUBT
5329,QUIK
5330,QURE
5331,QXO
5332,RAIL
5333,RAND
5334,RANI
5335,RAPP
5336,RAPT
5337,RARE
5338,RAVE
5339,RAY
5340,RAYA
5341,RBB
5342,RBBN
5343,RBCAA
5344,RBKB
5345,RCAT
5346,RCEL
5347,RCKT
5348,RCKTW
5349,RCKY
5350,RCM
5351,RCMT
5352,RCON
5353,RCRT
5354,RCRTW
5355,RDCM
5356,RDFN
5357,RDHL
5358,RDI
5359,RDIB
5360,RDNT
5361,RDUS
5362,RDVT
5363,RDWR
5364,RDZN
5365,RDZNW
5366,REAL
5367,REAX
5368,REBN
5369,RECT
5370,REE
5371,REFI
5372,REFR
5373,REG
5374,REGCO
5375,REGCP
5376,REGN
5377,REKR
5378,RELI
5379,RELIW
5380,RELL
5381,RELY
5382,RENB
5383,RENE
5384,RENEW
5385,RENT
5386,REPL
5387,RETO
5388,REVB
5389,REVBW
5390,REYN
5391,RFACU
5392,RFAI
5393,RFAIR
5394,RFAIU
5395,RFIL
5396,RGC
5397,RGCO
5398,RGEN
5399,RGF
5400,RGLD
5401,RGLS
5402,RGNX
5403,RGP
5404,RGS
5405,RGTI
5406,RGTIW
5407,RICK
5408,RIGL
5409,RILY
5410,RILYG
5411,RILYK
5412,RILYL
5413,RILYM
5414,RILYN
5415,RILYP
5416,RILYT
5417,RILYZ
5418,RIME
5419,RIOT
5420,RITR
5421,RIVN
5422,RKDA
5423,RKLB
5424,RLAY
5425,RLMD
5426,RLYB
5427,RMBI
5428,RMBL
5429,RMBS
5430,RMCF
5431,RMCO
5432,RMCOW
5433,RMNI
5434,RMR
5435,RMTI
5436,RNA
5437,RNAC
5438,RNAZ
5439,RNLX
5440,RNW
5441,RNWWW
5442,RNXT
5443,ROAD
5444,ROCK
5445,ROCL
5446,ROCLW
5447,ROIC
5448,ROIV
5449,ROKU
5450,ROMA
5451,ROOT
5452,ROP
5453,ROST
5454,RPAY
5455,RPD
5456,RPHM
5457,RPID
5458,RPRX
5459,RPTX
5460,RR
5461,RRBI
5462,RRGB
5463,RRR
5464,RSLS
5465,RSSS
5466,RSVR
5467,RSVRW
5468,RTC
5469,RUM
5470,RUMBW
5471,RUN
5472,RUSHA
5473,RUSHB
5474,RVMD
5475,RVMDW
5476,RVNC
5477,RVPH
5478,RVPHW
5479,RVSB
5480,RVSN
5481,RVSNW
5482,RVYL
5483,RWAY
5484,RWAYL
5485,RWAYZ
5486,RXRX
5487,RXST
5488,RXT
5489,RYAAY
5490,RYTM
5491,RZLT
5492,RZLV
5493,RZLVW
5494,SABR
5495,SABS
5496,SABSW
5497,SAFT
5498,SAGE
5499,SAIA
5500,SAIC
5501,SAIH
5502,SAIHW
5503,SAMG
5504,SANA
5505,SANG
5506,SANM
5507,SANW
5508,SASR
5509,SATL
5510,SATLW
5511,SATS
5512,SAVA
5513,SBAC
5514,SBC
5515,SBCF
5516,SBCWW
5517,SBET
5518,SBFG
5519,SBFM
5520,SBFMW
5521,SBGI
5522,SBLK
5523,SBRA
5524,SBSI
5525,SBT
5526,SBUX
5527,SCHL
5528,SCKT
5529,SCLX
5530,SCLXW
5531,SCNI
5532,SCNX
5533,SCOR
5534,SCPH
5535,SCSC
5536,SCVL
5537,SCWO
5538,SCWX
5539,SCYX
5540,SDA
5541,SDAWW
5542,SDGR
5543,SDIG
5544,SDOT
5545,SDST
5546,SDSTW
5547,SEAT
5548,SEATW
5549,SEDG
5550,SEED
5551,SEEL
5552,SEER
5553,SEIC
5554,SELF
5555,SELX
5556,SENEA
5557,SENEB
5558,SERA
5559,SERV
5560,SEVN
5561,SEZL
5562,SFBC
5563,SFIX
5564,SFM
5565,SFNC
5566,SFST
5567,SFWL
5568,SGA
5569,SGBX
5570,SGC
5571,SGD
5572,SGH
5573,SGHT
5574,SGLY
5575,SGMA
5576,SGML
5577,SGMO
5578,SGMT
5579,SGRP
5580,SGRY
5581,SHBI
5582,SHC
5583,SHCR
5584,SHCRW
5585,SHEN
5586,SHFS
5587,SHFSW
5588,SHIM
5589,SHIP
5590,SHLS
5591,SHLT
5592,SHMD
5593,SHMDW
5594,SHOO
5595,SHOT
5596,SHOTW
5597,SHPH
5598,SHYF
5599,SIBN
5600,SIDU
5601,SIEB
5602,SIFY
5603,SIGA
5604,SIGI
5605,SIGIP
5606,SILC
5607,SILO
5608,SIMA
5609,SIMAW
5610,SIMO
5611,SINT
5612,SIRI
5613,SISI
5614,SITM
5615,SJ
5616,SKGR
5617,SKGRW
5618,SKIN
5619,SKWD
5620,SKYE
5621,SKYT
5622,SKYW
5623,SKYX
5624,SLAB
5625,SLDB
5626,SLDP
5627,SLDPW
5628,SLE
5629,SLGL
5630,SLM
5631,SLMBP
5632,SLN
5633,SLNG
5634,SLNH
5635,SLNHP
5636,SLNO
5637,SLP
5638,SLRC
5639,SLRN
5640,SLRX
5641,SLS
5642,SLXN
5643,SLXNW
5644,SMBC
5645,SMCI
5646,SMID
5647,SMLR
5648,SMMT
5649,SMPL
5650,SMSI
5651,SMTC
5652,SMTI
5653,SMTK
5654,SMX
5655,SMXT
5656,SMXWW
5657,SNAL
5658,SNAX
5659,SNAXW
5660,SNBR
5661,SNCR
5662,SNCRL
5663,SNCY
5664,SND
5665,SNDL
5666,SNDX
5667,SNES
5668,SNEX
5669,SNFCA
5670,SNGX
5671,SNOA
5672,SNPS
5673,SNPX
5674,SNSE
5675,SNT
5676,SNTG
5677,SNTI
5678,SNY
5679,SOBR
5680,SOFI
5681,SOGP
5682,SOHO
5683,SOHOB
5684,SOHON
5685,SOHOO
5686,SOHU
5687,SOND
5688,SONDW
5689,SONM
5690,SONN
5691,SONO
5692,SOPA
5693,SOPH
5694,SOTK
5695,SOUN
5696,SOUNW
5697,SOWG
5698,SPAI
5699,SPCB
5700,SPFI
5701,SPGC
5702,SPI
5703,SPKL
5704,SPKLU
5705,SPKLW
5706,SPNS
5707,SPOK
5708,SPPL
5709,SPRB
5710,SPRC
5711,SPRO
5712,SPRY
5713,SPSC
5714,SPT
5715,SPTN
5716,SPWH
5717,SQFT
5718,SQFTP
5719,SQFTW
5720,SRAD
5721,SRBK
5722,SRCE
5723,SRCL
5724,SRDX
5725,SRM
5726,SRPT
5727,SRRK
5728,SRTS
5729,SRZN
5730,SRZNW
5731,SSBI
5732,SSBK
5733,SSIC
5734,SSKN
5735,SSNC
5736,SSP
5737,SSRM
5738,SSSS
5739,SSSSL
5740,SSTI
5741,SSYS
5742,STAA
5743,STAF
5744,STBA
5745,STBX
5746,STCN
5747,STEC
5748,STEP
5749,STER
5750,STGW
5751,STHO
5752,STI
5753,STIM
5754,STKH
5755,STKL
5756,STKS
5757,STLD
5758,STNE
5759,STOK
5760,STRA
5761,STRL
5762,STRM
5763,STRO
5764,STRR
5765,STRRP
5766,STRS
5767,STRT
5768,STSS
5769,STSSW
5770,STTK
5771,STX
5772,SUGP
5773,SUNS
5774,SUPN
5775,SURG
5776,SURGW
5777,SUUN
5778,SVC
5779,SVCO
5780,SVII
5781,SVIIR
5782,SVIIW
5783,SVMH
5784,SVMHW
5785,SVRA
5786,SVRE
5787,SVREW
5788,SWAG
5789,SWAGW
5790,SWBI
5791,SWIM
5792,SWIN
5793,SWKH
5794,SWKHL
5795,SWKS
5796,SWTX
5797,SWVL
5798,SWVLW
5799,SXTC
5800,SXTP
5801,SXTPW
5802,SY
5803,SYBT
5804,SYBX
5805,SYM
5806,SYNA
5807,SYPR
5808,SYRA
5809,SYRE
5810,SYRS
5811,SYT
5812,SYTA
5813,SYTAW
5814,TACT
5815,TAIT
5816,TALK
5817,TALKW
5818,TANH
5819,TAOP
5820,TARA
5821,TARS
5822,TASK
5823,TATT
5824,TAYD
5825,TBBK
5826,TBIO
5827,TBLA
5828,TBLAW
5829,TBLD
5830,TBMC
5831,TBMCR
5832,TBNK
5833,TBPH
5834,TBRG
5835,TC
5836,TCBI
5837,TCBIO
5838,TCBK
5839,TCBP
5840,TCBPW
5841,TCBS
5842,TCBX
5843,TCJH
5844,TCMD
5845,TCOM
5846,TCPC
5847,TCRT
5848,TCRX
5849,TCTM
5850,TCX
5851,TDTH
5852,TDUP
5853,TEAM
5854,TECH
5855,TECTP
5856,TECX
5857,TELA
5858,TELO
5859,TEM
5860,TENB
5861,TENX
5862,TER
5863,TERN
5864,TETE
5865,TFFP
5866,TFIN
5867,TFINP
5868,TFSL
5869,TGAA
5870,TGAAW
5871,TGL
5872,TGTX
5873,TH
5874,THAR
5875,THCH
5876,THCP
5877,THCPW
5878,THFF
5879,THRD
5880,THRM
5881,THRY
5882,THTX
5883,TIGO
5884,TIGR
5885,TIL
5886,TILE
5887,TIPT
5888,TIRX
5889,TITN
5890,TIVC
5891,TKLF
5892,TKNO
5893,TLF
5894,TLGYU
5895,TLGYW
5896,TLN
5897,TLPH
5898,TLRY
5899,TLS
5900,TLSA
5901,TLSI
5902,TLSIW
5903,TMC
5904,TMCI
5905,TMCWW
5906,TMDX
5907,TMTC
5908,TMUS
5909,TNDM
5910,TNFA
5911,TNGX
5912,TNON
5913,TNONW
5914,TNXP
5915,TNYA
5916,TOI
5917,TOIIW
5918,TOMZ
5919,TOP
5920,TORO
5921,TOUR
5922,TOWN
5923,TOYO
5924,TPCS
5925,TPG
5926,TPGXL
5927,TPIC
5928,TPST
5929,TRAW
5930,TRDA
5931,TREE
5932,TRIB
5933,TRIN
5934,TRINI
5935,TRINL
5936,TRINZ
5937,TRIP
5938,TRMB
5939,TRMD
5940,TRMK
5941,TRML
5942,TRNR
5943,TRNS
5944,TROO
5945,TROW
5946,TRS
5947,TRSG
5948,TRST
5949,TRUE
5950,TRUG
5951,TRUP
5952,TRVG
5953,TRVI
5954,TRVN
5955,TSAT
5956,TSBK
5957,TSBX
5958,TSCO
5959,TSEM
5960,TSHA
5961,TSLA
5962,TSVT
5963,TTD
5964,TTEC
5965,TTEK
5966,TTGT
5967,TTMI
5968,TTNP
5969,TTOO
5970,TTSH
5971,TTWO
5972,TURB
5973,TURN
5974,TUSK
5975,TVGN
5976,TVGNW
5977,TVTX
5978,TW
5979,TWFG
5980,TWG
5981,TWIN
5982,TWKS
5983,TWST
5984,TXG
5985,TXMD
5986,TXN
5987,TXRH
5988,TYGO
5989,TYRA
5990,TZOO
5991,UAL
5992,UBCP
5993,UBFO
5994,UBSI
5995,UBX
5996,UBXG
5997,UCAR
5998,UCL
5999,UCTT
6000,UDMY
6001,UEIC
6002,UFCS
6003,UFPI
6004,UFPT
6005,UG
6006,UGRO
6007,UHG
6008,UHGWW
6009,UK
6010,UKOMW
6011,ULBI
6012,ULCC
6013,ULH
6014,ULTA
6015,ULY
6016,UMBF
6017,UNB
6018,UNCY
6019,UNIT
6020,UNTY
6021,UONE
6022,UONEK
6023,UPBD
6024,UPC
6025,UPLD
6026,UPST
6027,UPWK
6028,UPXI
6029,URBN
6030,URGN
6031,UROY
6032,USAP
6033,USAU
6034,USCB
6035,USEA
6036,USEG
6037,USGO
6038,USGOW
6039,USIO
6040,USLM
6041,UTHR
6042,UTMD
6043,UTSI
6044,UVSP
6045,UXIN
6046,VABK
6047,VACHU
6048,VALN
6049,VALU
6050,VANI
6051,VBFC
6052,VBNK
6053,VBTX
6054,VC
6055,VCEL
6056,VCICU
6057,VCIG
6058,VCNX
6059,VCSA
6060,VCTR
6061,VCYT
6062,VECO
6063,VEEA
6064,VEEAW
6065,VEEE
6066,VEON
6067,VERA
6068,VERB
6069,VERI
6070,VERO
6071,VERU
6072,VERV
6073,VERX
6074,VEV
6075,VFF
6076,VFS
6077,VFSWW
6078,VGAS
6079,VGASW
6080,VIASP
6081,VIAV
6082,VICR
6083,VIGL
6084,VINC
6085,VINO
6086,VINP
6087,VIOT
6088,VIR
6089,VIRC
6090,VIRI
6091,VIRT
6092,VIRX
6093,VISL
6094,VITL
6095,VIVK
6096,VKTX
6097,VLCN
6098,VLGEA
6099,VLY
6100,VLYPN
6101,VLYPO
6102,VLYPP
6103,VMAR
6104,VMD
6105,VMEO
6106,VNDA
6107,VNET
6108,VNOM
6109,VOD
6110,VOR
6111,VOXR
6112,VOXX
6113,VRA
6114,VRAR
6115,VRAX
6116,VRCA
6117,VRDN
6118,VREX
6119,VRM
6120,VRME
6121,VRMEW
6122,VRNA
6123,VRNS
6124,VRNT
6125,VRPX
6126,VRRM
6127,VRSK
6128,VRSN
6129,VRTX
6130,VS
6131,VSAT
6132,VSEC
6133,VSEE
6134,VSEEW
6135,VSME
6136,VSSYW
6137,VSTA
6138,VSTE
6139,VSTEW
6140,VSTM
6141,VTGN
6142,VTNR
6143,VTRS
6144,VTSI
6145,VTVT
6146,VTYX
6147,VUZI
6148,VVOS
6149,VVPR
6150,VXRT
6151,VYGR
6152,VYNE
6153,WABC
6154,WAFD
6155,WAFDP
6156,WAFU
6157,WALD
6158,WASH
6159,WATT
6160,WAVE
6161,WAVS
6162,WAY
6163,WB
6164,WBA
6165,WBD
6166,WBTN
6167,WBUY
6168,WDAY
6169,WDC
6170,WDFC
6171,WEN
6172,WERN
6173,WEST
6174,WESTW
6175,WETH
6176,WEYS
6177,WFCF
6178,WFRD
6179,WGS
6180,WGSWW
6181,WHF
6182,WHFCL
6183,WHLM
6184,WHLR
6185,WHLRD
6186,WHLRL
6187,WHLRP
6188,WILC
6189,WIMI
6190,WINA
6191,WING
6192,WINT
6193,WINV
6194,WINVR
6195,WISA
6196,WIX
6197,WKEY
6198,WKHS
6199,WKSP
6200,WLDN
6201,WLDS
6202,WLDSW
6203,WLFC
6204,WLGS
6205,WMG
6206,WMPN
6207,WNEB
6208,WNW
6209,WOK
6210,WOOF
6211,WORX
6212,WPRT
6213,WRAP
6214,WRLD
6215,WSBC
6216,WSBCP
6217,WSBF
6218,WSC
6219,WSFS
6220,WTBA
6221,WTFC
6222,WTFCM
6223,WTFCP
6224,WTMAR
6225,WTO
6226,WTW
6227,WULF
6228,WVE
6229,WVVI
6230,WVVIP
6231,WW
6232,WWD
6233,WYNN
6234,XAIR
6235,XBIO
6236,XBIT
6237,XBP
6238,XBPEW
6239,XCH
6240,XCUR
6241,XEL
6242,XELA
6243,XELAP
6244,XELB
6245,XENE
6246,XERS
6247,XFIN
6248,XFINU
6249,XFINW
6250,XFOR
6251,XGN
6252,XHG
6253,XLO
6254,XMTR
6255,XNCR
6256,XNET
6257,XOMA
6258,XOMAO
6259,XOMAP
6260,XOS
6261,XOSWW
6262,XP
6263,XPEL
6264,XPON
6265,XRAY
6266,XRTX
6267,XRX
6268,XTIA
6269,XTKG
6270,XTLB
6271,XWEL
6272,XXII
6273,XYLO
6274,YGMZ
6275,YHGJ
6276,YHNAU
6277,YI
6278,YIBO
6279,YJ
6280,YMAB
6281,YORW
6282,YOSH
6283,YOTA
6284,YQ
6285,YTRA
6286,YXT
6287,YY
6288,YYAI
6289,YYGH
6290,Z
6291,ZAPP
6292,ZAPPW
6293,ZBAO
6294,ZBIO
6295,ZBRA
6296,ZCAR
6297,ZCARW
6298,ZCMD
6299,ZD
6300,ZENV
6301,ZEO
6302,ZEOWW
6303,ZEUS
6304,ZG
6305,ZI
6306,ZIMV
6307,ZION
6308,ZIONL
6309,ZIONO
6310,ZIONP
6311,ZJYL
6312,ZKIN
6313,ZLAB
6314,ZM
6315,ZNTL
6316,ZOOZ
6317,ZOOZW
6318,ZPTA
6319,ZPTAW
6320,ZS
6321,ZTEK
6322,ZUMZ
6323,ZURA
6324,ZVRA
6325,ZVSA
6326,ZYME
6327,ZYXI
